episode_id,transition_key,run_id,generated_at_utc,benchmark_suite,compiler_gym_version,compiler_version,host_name,python_version,benchmark_uri,episode_index,step_index,pass_id,pass_name,pass_flag,pass_position,previous_pass_sequence,reward_space,raw_step_reward,hybrid_reward,runtime_improvement,ir_improvement,size_improvement,cumulative_reward,pass_success,action_had_no_effect,done,termination_reason,step_walltime_sec,error_type,error_message,pre_state_id,pre_ir_instruction_count,pre_object_text_size_bytes,pre_total_basic_blocks,pre_total_functions,pre_total_instructions,pre_total_memory_instructions,post_state_id,post_ir_instruction_count,post_object_text_size_bytes,post_total_basic_blocks,post_total_functions,post_total_instructions,post_total_memory_instructions,pre_autophase_BBNumArgsHi,pre_autophase_BBNumArgsLo,pre_autophase_onePred,pre_autophase_onePredOneSuc,pre_autophase_onePredTwoSuc,pre_autophase_oneSuccessor,pre_autophase_twoPred,pre_autophase_twoPredOneSuc,pre_autophase_twoEach,pre_autophase_twoSuccessor,pre_autophase_morePreds,pre_autophase_BB03Phi,pre_autophase_BBHiPhi,pre_autophase_BBNoPhi,pre_autophase_BeginPhi,pre_autophase_BranchCount,pre_autophase_returnInt,pre_autophase_CriticalCount,pre_autophase_NumEdges,pre_autophase_const32Bit,pre_autophase_const64Bit,pre_autophase_numConstZeroes,pre_autophase_numConstOnes,pre_autophase_UncondBranches,pre_autophase_binaryConstArg,pre_autophase_NumAShrInst,pre_autophase_NumAddInst,pre_autophase_NumAllocaInst,pre_autophase_NumAndInst,pre_autophase_BlockMid,pre_autophase_BlockLow,pre_autophase_NumBitCastInst,pre_autophase_NumBrInst,pre_autophase_NumCallInst,pre_autophase_NumGetElementPtrInst,pre_autophase_NumICmpInst,pre_autophase_NumLShrInst,pre_autophase_NumLoadInst,pre_autophase_NumMulInst,pre_autophase_NumOrInst,pre_autophase_NumPHIInst,pre_autophase_NumRetInst,pre_autophase_NumSExtInst,pre_autophase_NumSelectInst,pre_autophase_NumShlInst,pre_autophase_NumStoreInst,pre_autophase_NumSubInst,pre_autophase_NumTruncInst,pre_autophase_NumXorInst,pre_autophase_NumZExtInst,pre_autophase_TotalBlocks,pre_autophase_TotalInsts,pre_autophase_TotalMemInst,pre_autophase_TotalFuncs,pre_autophase_ArgsPhi,pre_autophase_testUnary,post_autophase_BBNumArgsHi,post_autophase_BBNumArgsLo,post_autophase_onePred,post_autophase_onePredOneSuc,post_autophase_onePredTwoSuc,post_autophase_oneSuccessor,post_autophase_twoPred,post_autophase_twoPredOneSuc,post_autophase_twoEach,post_autophase_twoSuccessor,post_autophase_morePreds,post_autophase_BB03Phi,post_autophase_BBHiPhi,post_autophase_BBNoPhi,post_autophase_BeginPhi,post_autophase_BranchCount,post_autophase_returnInt,post_autophase_CriticalCount,post_autophase_NumEdges,post_autophase_const32Bit,post_autophase_const64Bit,post_autophase_numConstZeroes,post_autophase_numConstOnes,post_autophase_UncondBranches,post_autophase_binaryConstArg,post_autophase_NumAShrInst,post_autophase_NumAddInst,post_autophase_NumAllocaInst,post_autophase_NumAndInst,post_autophase_BlockMid,post_autophase_BlockLow,post_autophase_NumBitCastInst,post_autophase_NumBrInst,post_autophase_NumCallInst,post_autophase_NumGetElementPtrInst,post_autophase_NumICmpInst,post_autophase_NumLShrInst,post_autophase_NumLoadInst,post_autophase_NumMulInst,post_autophase_NumOrInst,post_autophase_NumPHIInst,post_autophase_NumRetInst,post_autophase_NumSExtInst,post_autophase_NumSelectInst,post_autophase_NumShlInst,post_autophase_NumStoreInst,post_autophase_NumSubInst,post_autophase_NumTruncInst,post_autophase_NumXorInst,post_autophase_NumZExtInst,post_autophase_TotalBlocks,post_autophase_TotalInsts,post_autophase_TotalMemInst,post_autophase_TotalFuncs,post_autophase_ArgsPhi,post_autophase_testUnary,delta_ir_instruction_count,delta_object_text_size_bytes,pre_runtime_median_sec,post_runtime_median_sec
benchmark_cbench-v1_adpcm_0_19c326,b37ff3393b4151b3,24223de53746444394b73b36ea25f8f4,2026-07-31T14:41:05.043604+00:00,benchmark://cbench-v1,0.2.5,10.0.0 x86_64-unknown-linux-gnu,Dhanush,3.10.20,benchmark://cbench-v1/adpcm,0,0,40,-globaldce,-globaldce,0,[],IrInstructionCountO3,0.0,0.0,0.0,0.0,0.0,0.0,True,True,True,action_no_effect,0.2721895909999148,,,018be3d6c8a6dd0f1590907aced36c43ff80948e,567,1901,73,14,567,340,018be3d6c8a6dd0f1590907aced36c43ff80948e,567,1901,73,14,567,340,0,0,45,33,7,40,25,5,18,26,0,0,0,73,0,66,5,14,95,133,65,52,59,40,27,7,13,37,9,7,66,56,66,66,19,29,0,127,0,4,0,3,13,1,1,91,6,8,2,3,73,567,340,14,0,244,0,0,45,33,7,40,25,5,18,26,0,0,0,73,0,66,5,14,95,133,65,52,59,40,27,7,13,37,9,7,66,56,66,66,19,29,0,127,0,4,0,3,13,1,1,91,6,8,2,3,73,567,340,14,0,244,0,0,,
benchmark_cbench-v1_adpcm_1_cc1528,0711a366ddb4665a,24223de53746444394b73b36ea25f8f4,2026-07-31T14:41:05.043604+00:00,benchmark://cbench-v1,0.2.5,10.0.0 x86_64-unknown-linux-gnu,Dhanush,3.10.20,benchmark://cbench-v1/adpcm,1,0,105,-reassociate,-reassociate,0,[],IrInstructionCountO3,0.002898550724637681,0.13227513227513224,0.0,0.001763668430335097,0.0,0.13227513227513224,True,False,False,,0.2743039859997225,,,018be3d6c8a6dd0f1590907aced36c43ff80948e,567,1901,73,14,567,340,fc28caab0d41cce541b4d1b468289b6d8b75b48a,566,1901,73,14,566,340,0,0,45,33,7,40,25,5,18,26,0,0,0,73,0,66,5,14,95,133,65,52,59,40,27,7,13,37,9,7,66,56,66,66,19,29,0,127,0,4,0,3,13,1,1,91,6,8,2,3,73,567,340,14,0,244,0,0,45,33,7,40,25,5,18,26,0,0,0,73,0,66,5,14,95,133,65,52,59,40,27,7,13,37,9,7,66,56,66,66,19,29,0,127,0,4,0,3,13,1,1,91,6,8,2,2,73,566,340,14,0,243,-1,0,,
benchmark_cbench-v1_adpcm_1_cc1528,786522bb8d355637,24223de53746444394b73b36ea25f8f4,2026-07-31T14:41:05.043604+00:00,benchmark://cbench-v1,0.2.5,10.0.0 x86_64-unknown-linux-gnu,Dhanush,3.10.20,benchmark://cbench-v1/adpcm,1,1,105,-reassociate,-reassociate,1,[105],IrInstructionCountO3,0.0,0.0,0.0,0.0,0.0,0.13227513227513224,True,False,True,repeated_state,0.2699576810000508,,,fc28caab0d41cce541b4d1b468289b6d8b75b48a,566,1901,73,14,566,340,fc28caab0d41cce541b4d1b468289b6d8b75b48a,566,1901,73,14,566,340,0,0,45,33,7,40,25,5,18,26,0,0,0,73,0,66,5,14,95,133,65,52,59,40,27,7,13,37,9,7,66,56,66,66,19,29,0,127,0,4,0,3,13,1,1,91,6,8,2,2,73,566,340,14,0,243,0,0,45,33,7,40,25,5,18,26,0,0,0,73,0,66,5,14,95,133,65,52,59,40,27,7,13,37,9,7,66,56,66,66,19,29,0,127,0,4,0,3,13,1,1,91,6,8,2,2,73,566,340,14,0,243,0,0,,
benchmark_cbench-v1_adpcm_2_7fcae0,bfbece8575532f5f,24223de53746444394b73b36ea25f8f4,2026-07-31T14:41:05.043604+00:00,benchmark://cbench-v1,0.2.5,10.0.0 x86_64-unknown-linux-gnu,Dhanush,3.10.20,benchmark://cbench-v1/adpcm,2,0,40,-globaldce,-globaldce,0,[],IrInstructionCountO3,0.0,0.0,0.0,0.0,0.0,0.0,True,True,True,action_no_effect,0.2651968300006047,,,018be3d6c8a6dd0f1590907aced36c43ff80948e,567,1901,73,14,567,340,018be3d6c8a6dd0f1590907aced36c43ff80948e,567,1901,73,14,567,340,0,0,45,33,7,40,25,5,18,26,0,0,0,73,0,66,5,14,95,133,65,52,59,40,27,7,13,37,9,7,66,56,66,66,19,29,0,127,0,4,0,3,13,1,1,91,6,8,2,3,73,567,340,14,0,244,0,0,45,33,7,40,25,5,18,26,0,0,0,73,0,66,5,14,95,133,65,52,59,40,27,7,13,37,9,7,66,56,66,66,19,29,0,127,0,4,0,3,13,1,1,91,6,8,2,3,73,567,340,14,0,244,0,0,,
benchmark_cbench-v1_adpcm_3_c87bfe,7a77c67a95d78916,24223de53746444394b73b36ea25f8f4,2026-07-31T14:41:05.043604+00:00,benchmark://cbench-v1,0.2.5,10.0.0 x86_64-unknown-linux-gnu,Dhanush,3.10.20,benchmark://cbench-v1/adpcm,3,0,15,-constmerge,-constmerge,0,[],IrInstructionCountO3,0.0,0.0,0.0,0.0,0.0,0.0,True,True,True,action_no_effect,0.2744090390006022,,,018be3d6c8a6dd0f1590907aced36c43ff80948e,567,1901,73,14,567,340,018be3d6c8a6dd0f1590907aced36c43ff80948e,567,1901,73,14,567,340,0,0,45,33,7,40,25,5,18,26,0,0,0,73,0,66,5,14,95,133,65,52,59,40,27,7,13,37,9,7,66,56,66,66,19,29,0,127,0,4,0,3,13,1,1,91,6,8,2,3,73,567,340,14,0,244,0,0,45,33,7,40,25,5,18,26,0,0,0,73,0,66,5,14,95,133,65,52,59,40,27,7,13,37,9,7,66,56,66,66,19,29,0,127,0,4,0,3,13,1,1,91,6,8,2,3,73,567,340,14,0,244,0,0,,
benchmark_cbench-v1_adpcm_4_d2cde0,674318bb0c10c61f,24223de53746444394b73b36ea25f8f4,2026-07-31T14:41:05.043604+00:00,benchmark://cbench-v1,0.2.5,10.0.0 x86_64-unknown-linux-gnu,Dhanush,3.10.20,benchmark://cbench-v1/adpcm,4,0,62,-loop-distribute,-loop-distribute,0,[],IrInstructionCountO3,0.0,0.0,0.0,0.0,0.0,0.0,True,True,True,action_no_effect,0.2736866330005796,,,018be3d6c8a6dd0f1590907aced36c43ff80948e,567,1901,73,14,567,340,018be3d6c8a6dd0f1590907aced36c43ff80948e,567,1901,73,14,567,340,0,0,45,33,7,40,25,5,18,26,0,0,0,73,0,66,5,14,95,133,65,52,59,40,27,7,13,37,9,7,66,56,66,66,19,29,0,127,0,4,0,3,13,1,1,91,6,8,2,3,73,567,340,14,0,244,0,0,45,33,7,40,25,5,18,26,0,0,0,73,0,66,5,14,95,133,65,52,59,40,27,7,13,37,9,7,66,56,66,66,19,29,0,127,0,4,0,3,13,1,1,91,6,8,2,3,73,567,340,14,0,244,0,0,,
benchmark_cbench-v1_adpcm_5_6537e6,dc7661a08940f34a,24223de53746444394b73b36ea25f8f4,2026-07-31T14:41:05.043604+00:00,benchmark://cbench-v1,0.2.5,10.0.0 x86_64-unknown-linux-gnu,Dhanush,3.10.20,benchmark://cbench-v1/adpcm,5,0,78,-loop-unswitch,-loop-unswitch,0,[],IrInstructionCountO3,0.0,0.0,0.0,0.0,0.0,0.0,True,True,True,action_no_effect,0.2835680179996416,,,018be3d6c8a6dd0f1590907aced36c43ff80948e,567,1901,73,14,567,340,018be3d6c8a6dd0f1590907aced36c43ff80948e,567,1901,73,14,567,340,0,0,45,33,7,40,25,5,18,26,0,0,0,73,0,66,5,14,95,133,65,52,59,40,27,7,13,37,9,7,66,56,66,66,19,29,0,127,0,4,0,3,13,1,1,91,6,8,2,3,73,567,340,14,0,244,0,0,45,33,7,40,25,5,18,26,0,0,0,73,0,66,5,14,95,133,65,52,59,40,27,7,13,37,9,7,66,56,66,66,19,29,0,127,0,4,0,3,13,1,1,91,6,8,2,3,73,567,340,14,0,244,0,0,,
benchmark_cbench-v1_adpcm_6_7d86c2,705a2ea46e7d1e8b,24223de53746444394b73b36ea25f8f4,2026-07-31T14:41:05.043604+00:00,benchmark://cbench-v1,0.2.5,10.0.0 x86_64-unknown-linux-gnu,Dhanush,3.10.20,benchmark://cbench-v1/adpcm,6,0,5,-argpromotion,-argpromotion,0,[],IrInstructionCountO3,0.0,0.0,0.0,0.0,0.0,0.0,True,True,True,action_no_effect,0.2710794029999306,,,018be3d6c8a6dd0f1590907aced36c43ff80948e,567,1901,73,14,567,340,018be3d6c8a6dd0f1590907aced36c43ff80948e,567,1901,73,14,567,340,0,0,45,33,7,40,25,5,18,26,0,0,0,73,0,66,5,14,95,133,65,52,59,40,27,7,13,37,9,7,66,56,66,66,19,29,0,127,0,4,0,3,13,1,1,91,6,8,2,3,73,567,340,14,0,244,0,0,45,33,7,40,25,5,18,26,0,0,0,73,0,66,5,14,95,133,65,52,59,40,27,7,13,37,9,7,66,56,66,66,19,29,0,127,0,4,0,3,13,1,1,91,6,8,2,3,73,567,340,14,0,244,0,0,,
benchmark_cbench-v1_adpcm_7_27d958,9192019489cb5dbb,24223de53746444394b73b36ea25f8f4,2026-07-31T14:41:05.043604+00:00,benchmark://cbench-v1,0.2.5,10.0.0 x86_64-unknown-linux-gnu,Dhanush,3.10.20,benchmark://cbench-v1/adpcm,7,0,53,-instcombine,-instcombine,0,[],IrInstructionCountO3,0.10144927536231885,4.629629629629629,0.0,0.06172839506172839,0.0,4.629629629629629,True,False,False,,0.2634379689998241,,,018be3d6c8a6dd0f1590907aced36c43ff80948e,567,1901,73,14,567,340,4edefeb78d5aa74ed840fcdbf226240b984dbcc0,532,1901,73,15,532,296,0,0,45,33,7,40,25,5,18,26,0,0,0,73,0,66,5,14,95,133,65,52,59,40,27,7,13,37,9,7,66,56,66,66,19,29,0,127,0,4,0,3,13,1,1,91,6,8,2,3,73,567,340,14,0,244,0,9,45,33,7,40,25,5,18,26,0,9,0,64,9,66,5,14,95,115,76,48,55,40,26,6,13,35,9,5,68,60,66,62,19,28,2,99,0,4,9,3,12,0,1,81,6,8,0,3,73,532,296,15,18,217,-35,0,,
benchmark_cbench-v1_adpcm_8_182754,658772330ce0bdef,24223de53746444394b73b36ea25f8f4,2026-07-31T14:41:05.043604+00:00,benchmark://cbench-v1,0.2.5,10.0.0 x86_64-unknown-linux-gnu,Dhanush,3.10.20,benchmark://cbench-v1/adpcm,8,0,36,-inline,-inline,0,[],IrInstructionCountO3,0.0,0.0,0.0,0.0,0.0,0.0,True,True,True,action_no_effect,0.26366304099974514,,,018be3d6c8a6dd0f1590907aced36c43ff80948e,567,1901,73,14,567,340,018be3d6c8a6dd0f1590907aced36c43ff80948e,567,1901,73,14,567,340,0,0,45,33,7,40,25,5,18,26,0,0,0,73,0,66,5,14,95,133,65,52,59,40,27,7,13,37,9,7,66,56,66,66,19,29,0,127,0,4,0,3,13,1,1,91,6,8,2,3,73,567,340,14,0,244,0,0,45,33,7,40,25,5,18,26,0,0,0,73,0,66,5,14,95,133,65,52,59,40,27,7,13,37,9,7,66,56,66,66,19,29,0,127,0,4,0,3,13,1,1,91,6,8,2,3,73,567,340,14,0,244,0,0,,
benchmark_cbench-v1_adpcm_9_7a9596,78f92893fa96ef2c,24223de53746444394b73b36ea25f8f4,2026-07-31T14:41:05.043604+00:00,benchmark://cbench-v1,0.2.5,10.0.0 x86_64-unknown-linux-gnu,Dhanush,3.10.20,benchmark://cbench-v1/adpcm,9,0,105,-reassociate,-reassociate,0,[],IrInstructionCountO3,0.002898550724637681,0.13227513227513224,0.0,0.001763668430335097,0.0,0.13227513227513224,True,False,False,,0.2615656640000452,,,018be3d6c8a6dd0f1590907aced36c43ff80948e,567,1901,73,14,567,340,fc28caab0d41cce541b4d1b468289b6d8b75b48a,566,1901,73,14,566,340,0,0,45,33,7,40,25,5,18,26,0,0,0,73,0,66,5,14,95,133,65,52,59,40,27,7,13,37,9,7,66,56,66,66,19,29,0,127,0,4,0,3,13,1,1,91,6,8,2,3,73,567,340,14,0,244,0,0,45,33,7,40,25,5,18,26,0,0,0,73,0,66,5,14,95,133,65,52,59,40,27,7,13,37,9,7,66,56,66,66,19,29,0,127,0,4,0,3,13,1,1,91,6,8,2,2,73,566,340,14,0,243,-1,0,,
benchmark_cbench-v1_bitcount_0_c08701,a0190a9b53d98819,24223de53746444394b73b36ea25f8f4,2026-07-31T14:41:05.043604+00:00,benchmark://cbench-v1,0.2.5,10.0.0 x86_64-unknown-linux-gnu,Dhanush,3.10.20,benchmark://cbench-v1/bitcount,0,0,15,-constmerge,-constmerge,0,[],IrInstructionCountO3,0.0,0.0,0.0,0.0,0.0,0.0,True,True,True,action_no_effect,0.25559893300032854,,,fddc97bdd0d0712a81a48d048c526f3c601f78ca,857,3894,85,37,857,495,fddc97bdd0d0712a81a48d048c526f3c601f78ca,857,3894,85,37,857,495,0,2,43,31,7,38,18,3,8,25,3,2,0,83,2,63,14,13,88,164,131,86,103,38,74,10,36,59,28,18,67,54,63,67,55,29,7,195,0,3,2,21,51,1,7,119,5,19,2,13,85,857,495,37,5,391,0,2,43,31,7,38,18,3,8,25,3,2,0,83,2,63,14,13,88,164,131,86,103,38,74,10,36,59,28,18,67,54,63,67,55,29,7,195,0,3,2,21,51,1,7,119,5,19,2,13,85,857,495,37,5,391,0,0,,
benchmark_cbench-v1_bitcount_1_c00baf,4ac46cbfa5721af9,24223de53746444394b73b36ea25f8f4,2026-07-31T14:41:05.043604+00:00,benchmark://cbench-v1,0.2.5,10.0.0 x86_64-unknown-linux-gnu,Dhanush,3.10.20,benchmark://cbench-v1/bitcount,1,0,55,-jump-threading,-jump-threading,0,[],IrInstructionCountO3,0.04,1.0163887954960478,0.0,0.011668611435239206,0.005649717514124294,1.0163887954960478,True,False,False,,0.27557570899989514,,,fddc97bdd0d0712a81a48d048c526f3c601f78ca,857,3894,85,37,857,495,bf00d4527e68b15edd64dc108cc629b074d39327,847,3872,76,37,847,494,0,2,43,31,7,38,18,3,8,25,3,2,0,83,2,63,14,13,88,164,131,86,103,38,74,10,36,59,28,18,67,54,63,67,55,29,7,195,0,3,2,21,51,1,7,119,5,19,2,13,85,857,495,37,5,391,0,2,34,23,8,29,18,2,8,25,3,2,0,74,2,54,14,16,79,165,131,84,103,29,74,10,36,59,28,19,57,54,54,67,55,29,7,194,0,3,2,21,51,1,7,119,5,19,2,13,76,847,494,37,4,390,-10,-22,,
benchmark_cbench-v1_bitcount_1_c00baf,6c0d72b014d2fbdd,24223de53746444394b73b36ea25f8f4,2026-07-31T14:41:05.043604+00:00,benchmark://cbench-v1,0.2.5,10.0.0 x86_64-unknown-linux-gnu,Dhanush,3.10.20,benchmark://cbench-v1/bitcount,1,1,57,-licm,-licm,1,[55],IrInstructionCountO3,-0.08,-8.285677390791028,0.0,-0.023612750885478158,-0.2605888429752066,-7.26928859529498,True,False,False,,0.2849770760003594,,,bf00d4527e68b15edd64dc108cc629b074d39327,847,3872,76,37,847,494,646ec40edcaa53428025020750820fed929497e1,867,4881,77,37,867,470,0,2,34,23,8,29,18,2,8,25,3,2,0,74,2,54,14,16,79,165,131,84,103,29,74,10,36,59,28,19,57,54,54,67,55,29,7,194,0,3,2,21,51,1,7,119,5,19,2,13,76,847,494,37,4,390,7,11,35,24,8,30,18,2,8,25,3,15,3,59,18,55,14,15,80,165,131,84,103,30,74,10,36,59,28,18,59,54,55,67,55,29,7,175,0,3,45,21,51,1,7,114,5,19,2,13,77,867,470,37,81,371,20,1009,,
benchmark_cbench-v1_bitcount_1_c00baf,4946ef464e0f04e6,24223de53746444394b73b36ea25f8f4,2026-07-31T14:41:05.043604+00:00,benchmark://cbench-v1,0.2.5,10.0.0 x86_64-unknown-linux-gnu,Dhanush,3.10.20,benchmark://cbench-v1/bitcount,1,2,79,-loop-vectorize,-loop-vectorize,2,"[55, 57]",IrInstructionCountO3,0.0,0.0,0.0,0.0,0.0,-7.26928859529498,True,True,True,action_no_effect,0.2841110570007004,,,646ec40edcaa53428025020750820fed929497e1,867,4881,77,37,867,470,646ec40edcaa53428025020750820fed929497e1,867,4881,77,37,867,470,7,11,35,24,8,30,18,2,8,25,3,15,3,59,18,55,14,15,80,165,131,84,103,30,74,10,36,59,28,18,59,54,55,67,55,29,7,175,0,3,45,21,51,1,7,114,5,19,2,13,77,867,470,37,81,371,7,11,35,24,8,30,18,2,8,25,3,15,3,59,18,55,14,15,80,165,131,84,103,30,74,10,36,59,28,18,59,54,55,67,55,29,7,175,0,3,45,21,51,1,7,114,5,19,2,13,77,867,470,37,81,371,0,0,,
benchmark_cbench-v1_bitcount_2_de59dc,b4c8de33e376a9ee,24223de53746444394b73b36ea25f8f4,2026-07-31T14:41:05.043604+00:00,benchmark://cbench-v1,0.2.5,10.0.0 x86_64-unknown-linux-gnu,Dhanush,3.10.20,benchmark://cbench-v1/bitcount,2,0,30,-early-cse,-early-cse,0,[],IrInstructionCountO3,0.344,6.948442357239302,0.0,0.10035005834305717,-0.023112480739599383,6.948442357239302,True,False,False,,0.29023840599984396,,,fddc97bdd0d0712a81a48d048c526f3c601f78ca,857,3894,85,37,857,495,45822b0bf5ec18c93c8393f9a9c0214a89ba2313,771,3984,85,37,771,436,0,2,43,31,7,38,18,3,8,25,3,2,0,83,2,63,14,13,88,164,131,86,103,38,74,10,36,59,28,18,67,54,63,67,55,29,7,195,0,3,2,21,51,1,7,119,5,19,2,13,85,857,495,37,5,391,0,2,43,31,7,38,18,3,8,25,3,2,0,83,2,63,14,13,88,164,130,85,103,38,74,10,36,59,28,15,70,29,63,67,54,29,7,142,0,3,2,21,50,1,7,114,5,19,2,12,85,771,436,37,5,311,-86,90,,
benchmark_cbench-v1_bitcount_2_de59dc,afe99af0b206523b,24223de53746444394b73b36ea25f8f4,2026-07-31T14:41:05.043604+00:00,benchmark://cbench-v1,0.2.5,10.0.0 x86_64-unknown-linux-gnu,Dhanush,3.10.20,benchmark://cbench-v1/bitcount,2,1,26,-dse,-dse,1,[30],IrInstructionCountO3,0.052,1.8670010782429327,0.0,0.016861219195849545,0.024096385542168676,8.815443435482235,True,False,False,,0.2841717040000731,,,45822b0bf5ec18c93c8393f9a9c0214a89ba2313,771,3984,85,37,771,436,6b6b54efabc04559cf7eaae6262feddfe8d4dcd8,758,3888,85,37,758,423,0,2,43,31,7,38,18,3,8,25,3,2,0,83,2,63,14,13,88,164,130,85,103,38,74,10,36,59,28,15,70,29,63,67,54,29,7,142,0,3,2,21,50,1,7,114,5,19,2,12,85,771,436,37,5,311,0,2,43,31,7,38,18,3,8,25,3,2,0,83,2,63,14,13,88,161,130,85,100,38,74,10,36,56,28,14,71,29,63,67,54,29,7,142,0,3,2,21,50,1,7,104,5,19,2,12,85,758,423,37,5,308,-13,-96,,
benchmark_cbench-v1_bitcount_2_de59dc,86a690fcb95658e7,24223de53746444394b73b36ea25f8f4,2026-07-31T14:41:05.043604+00:00,benchmark://cbench-v1,0.2.5,10.0.0 x86_64-unknown-linux-gnu,Dhanush,3.10.20,benchmark://cbench-v1/bitcount,2,2,99,-partial-inliner,-partial-inliner,2,"[30, 26]",IrInstructionCountO3,0.0,0.0,0.0,0.0,0.0,8.815443435482235,True,True,True,action_no_effect,0.2809891389997574,,,6b6b54efabc04559cf7eaae6262feddfe8d4dcd8,758,3888,85,37,758,423,6b6b54efabc04559cf7eaae6262feddfe8d4dcd8,758,3888,85,37,758,423,0,2,43,31,7,38,18,3,8,25,3,2,0,83,2,63,14,13,88,161,130,85,100,38,74,10,36,56,28,14,71,29,63,67,54,29,7,142,0,3,2,21,50,1,7,104,5,19,2,12,85,758,423,37,5,308,0,2,43,31,7,38,18,3,8,25,3,2,0,83,2,63,14,13,88,161,130,85,100,38,74,10,36,56,28,14,71,29,63,67,54,29,7,142,0,3,2,21,50,1,7,104,5,19,2,12,85,758,423,37,5,308,0,0,,
benchmark_cbench-v1_bitcount_3_9e610c,d739fcd8117f264b,24223de53746444394b73b36ea25f8f4,2026-07-31T14:41:05.043604+00:00,benchmark://cbench-v1,0.2.5,10.0.0 x86_64-unknown-linux-gnu,Dhanush,3.10.20,benchmark://cbench-v1/bitcount,3,0,62,-loop-distribute,-loop-distribute,0,[],IrInstructionCountO3,0.0,0.0,0.0,0.0,0.0,0.0,True,True,True,action_no_effect,0.2832793910001783,,,fddc97bdd0d0712a81a48d048c526f3c601f78ca,857,3894,85,37,857,495,fddc97bdd0d0712a81a48d048c526f3c601f78ca,857,3894,85,37,857,495,0,2,43,31,7,38,18,3,8,25,3,2,0,83,2,63,14,13,88,164,131,86,103,38,74,10,36,59,28,18,67,54,63,67,55,29,7,195,0,3,2,21,51,1,7,119,5,19,2,13,85,857,495,37,5,391,0,2,43,31,7,38,18,3,8,25,3,2,0,83,2,63,14,13,88,164,131,86,103,38,74,10,36,59,28,18,67,54,63,67,55,29,7,195,0,3,2,21,51,1,7,119,5,19,2,13,85,857,495,37,5,391,0,0,,
benchmark_cbench-v1_bitcount_4_e49568,0b8670a7df095ef2,24223de53746444394b73b36ea25f8f4,2026-07-31T14:41:05.043604+00:00,benchmark://cbench-v1,0.2.5,10.0.0 x86_64-unknown-linux-gnu,Dhanush,3.10.20,benchmark://cbench-v1/bitcount,4,0,55,-jump-threading,-jump-threading,0,[],IrInstructionCountO3,0.04,1.0163887954960478,0.0,0.011668611435239206,0.005649717514124294,1.0163887954960478,True,False,False,,0.2942851910001991,,,fddc97bdd0d0712a81a48d048c526f3c601f78ca,857,3894,85,37,857,495,bf00d4527e68b15edd64dc108cc629b074d39327,847,3872,76,37,847,494,0,2,43,31,7,38,18,3,8,25,3,2,0,83,2,63,14,13,88,164,131,86,103,38,74,10,36,59,28,18,67,54,63,67,55,29,7,195,0,3,2,21,51,1,7,119,5,19,2,13,85,857,495,37,5,391,0,2,34,23,8,29,18,2,8,25,3,2,0,74,2,54,14,16,79,165,131,84,103,29,74,10,36,59,28,19,57,54,54,67,55,29,7,194,0,3,2,21,51,1,7,119,5,19,2,13,76,847,494,37,4,390,-10,-22,,
benchmark_cbench-v1_bitcount_4_e49568,32dad0a8e0b88188,24223de53746444394b73b36ea25f8f4,2026-07-31T14:41:05.043604+00:00,benchmark://cbench-v1,0.2.5,10.0.0 x86_64-unknown-linux-gnu,Dhanush,3.10.20,benchmark://cbench-v1/bitcount,4,1,62,-loop-distribute,-loop-distribute,1,[55],IrInstructionCountO3,0.0,0.0,0.0,0.0,0.0,1.0163887954960478,True,True,True,action_no_effect,0.29439700600050855,,,bf00d4527e68b15edd64dc108cc629b074d39327,847,3872,76,37,847,494,bf00d4527e68b15edd64dc108cc629b074d39327,847,3872,76,37,847,494,0,2,34,23,8,29,18,2,8,25,3,2,0,74,2,54,14,16,79,165,131,84,103,29,74,10,36,59,28,19,57,54,54,67,55,29,7,194,0,3,2,21,51,1,7,119,5,19,2,13,76,847,494,37,4,390,0,2,34,23,8,29,18,2,8,25,3,2,0,74,2,54,14,16,79,165,131,84,103,29,74,10,36,59,28,19,57,54,54,67,55,29,7,194,0,3,2,21,51,1,7,119,5,19,2,13,76,847,494,37,4,390,0,0,,
benchmark_cbench-v1_bitcount_5_327963,690802599037a1de,24223de53746444394b73b36ea25f8f4,2026-07-31T14:41:05.043604+00:00,benchmark://cbench-v1,0.2.5,10.0.0 x86_64-unknown-linux-gnu,Dhanush,3.10.20,benchmark://cbench-v1/bitcount,5,0,30,-early-cse,-early-cse,0,[],IrInstructionCountO3,0.344,6.948442357239302,0.0,0.10035005834305717,-0.023112480739599383,6.948442357239302,True,False,False,,0.2904479859998901,,,fddc97bdd0d0712a81a48d048c526f3c601f78ca,857,3894,85,37,857,495,45822b0bf5ec18c93c8393f9a9c0214a89ba2313,771,3984,85,37,771,436,0,2,43,31,7,38,18,3,8,25,3,2,0,83,2,63,14,13,88,164,131,86,103,38,74,10,36,59,28,18,67,54,63,67,55,29,7,195,0,3,2,21,51,1,7,119,5,19,2,13,85,857,495,37,5,391,0,2,43,31,7,38,18,3,8,25,3,2,0,83,2,63,14,13,88,164,130,85,103,38,74,10,36,59,28,15,70,29,63,67,54,29,7,142,0,3,2,21,50,1,7,114,5,19,2,12,85,771,436,37,5,311,-86,90,,
benchmark_cbench-v1_bitcount_5_327963,5e2dc311caf6fa26,24223de53746444394b73b36ea25f8f4,2026-07-31T14:41:05.043604+00:00,benchmark://cbench-v1,0.2.5,10.0.0 x86_64-unknown-linux-gnu,Dhanush,3.10.20,benchmark://cbench-v1/bitcount,5,1,40,-globaldce,-globaldce,1,[30],IrInstructionCountO3,0.0,0.0,0.0,0.0,0.0,6.948442357239302,True,True,True,action_no_effect,0.28846849000001384,,,45822b0bf5ec18c93c8393f9a9c0214a89ba2313,771,3984,85,37,771,436,45822b0bf5ec18c93c8393f9a9c0214a89ba2313,771,3984,85,37,771,436,0,2,43,31,7,38,18,3,8,25,3,2,0,83,2,63,14,13,88,164,130,85,103,38,74,10,36,59,28,15,70,29,63,67,54,29,7,142,0,3,2,21,50,1,7,114,5,19,2,12,85,771,436,37,5,311,0,2,43,31,7,38,18,3,8,25,3,2,0,83,2,63,14,13,88,164,130,85,103,38,74,10,36,59,28,15,70,29,63,67,54,29,7,142,0,3,2,21,50,1,7,114,5,19,2,12,85,771,436,37,5,311,0,0,,
benchmark_cbench-v1_bitcount_6_9cde0b,b310c2db55ba8f3b,24223de53746444394b73b36ea25f8f4,2026-07-31T14:41:05.043604+00:00,benchmark://cbench-v1,0.2.5,10.0.0 x86_64-unknown-linux-gnu,Dhanush,3.10.20,benchmark://cbench-v1/bitcount,6,0,105,-reassociate,-reassociate,0,[],IrInstructionCountO3,-0.008,-0.38047344476947154,0.0,-0.002333722287047841,-0.008217770929635337,-0.38047344476947154,True,False,False,,0.2383833420008159,,,fddc97bdd0d0712a81a48d048c526f3c601f78ca,857,3894,85,37,857,495,fef26e07ff1408fad29cf961a4da08f096766553,859,3926,85,37,859,495,0,2,43,31,7,38,18,3,8,25,3,2,0,83,2,63,14,13,88,164,131,86,103,38,74,10,36,59,28,18,67,54,63,67,55,29,7,195,0,3,2,21,51,1,7,119,5,19,2,13,85,857,495,37,5,391,0,2,43,31,7,38,18,3,8,25,3,2,0,83,2,63,14,13,88,168,130,90,102,38,77,10,38,59,28,17,68,54,63,67,55,29,7,195,0,3,2,21,51,1,7,119,6,19,2,12,85,859,495,37,5,390,2,32,,
benchmark_cbench-v1_bitcount_7_2c96bd,afd013d88d735c26,24223de53746444394b73b36ea25f8f4,2026-07-31T14:41:05.043604+00:00,benchmark://cbench-v1,0.2.5,10.0.0 x86_64-unknown-linux-gnu,Dhanush,3.10.20,benchmark://cbench-v1/bitcount,7,0,90,-memcpyopt,-memcpyopt,0,[],IrInstructionCountO3,0.0,0.0,0.0,0.0,0.0,0.0,True,True,True,action_no_effect,0.2638378450001255,,,fddc97bdd0d0712a81a48d048c526f3c601f78ca,857,3894,85,37,857,495,fddc97bdd0d0712a81a48d048c526f3c601f78ca,857,3894,85,37,857,495,0,2,43,31,7,38,18,3,8,25,3,2,0,83,2,63,14,13,88,164,131,86,103,38,74,10,36,59,28,18,67,54,63,67,55,29,7,195,0,3,2,21,51,1,7,119,5,19,2,13,85,857,495,37,5,391,0,2,43,31,7,38,18,3,8,25,3,2,0,83,2,63,14,13,88,164,131,86,103,38,74,10,36,59,28,18,67,54,63,67,55,29,7,195,0,3,2,21,51,1,7,119,5,19,2,13,85,857,495,37,5,391,0,0,,
benchmark_cbench-v1_bitcount_8_671878,026b2cc6dcea3163,24223de53746444394b73b36ea25f8f4,2026-07-31T14:41:05.043604+00:00,benchmark://cbench-v1,0.2.5,10.0.0 x86_64-unknown-linux-gnu,Dhanush,3.10.20,benchmark://cbench-v1/bitcount,8,0,10,-simplifycfg,-simplifycfg,0,[],IrInstructionCountO3,0.068,1.7702338336992134,0.0,0.019836639439906652,0.011299435028248588,1.7702338336992134,True,False,False,,0.2796846560004269,,,fddc97bdd0d0712a81a48d048c526f3c601f78ca,857,3894,85,37,857,495,04ff8444bad76f4ad83e20e40aec5456b3065c08,840,3850,72,37,840,493,0,2,43,31,7,38,18,3,8,25,3,2,0,83,2,63,14,13,88,164,131,86,103,38,74,10,36,59,28,18,67,54,63,67,55,29,7,195,0,3,2,21,51,1,7,119,5,19,2,13,85,857,495,37,5,391,0,0,31,21,6,27,18,3,8,23,2,0,0,72,0,50,14,15,73,162,131,84,102,27,72,10,36,59,29,19,53,54,50,67,55,29,7,193,0,3,0,21,51,2,6,119,5,19,2,13,72,840,493,37,0,389,-17,-44,,
benchmark_cbench-v1_bitcount_8_671878,4577b9de6ca043b1,24223de53746444394b73b36ea25f8f4,2026-07-31T14:41:05.043604+00:00,benchmark://cbench-v1,0.2.5,10.0.0 x86_64-unknown-linux-gnu,Dhanush,3.10.20,benchmark://cbench-v1/bitcount,8,1,36,-inline,-inline,1,[10],IrInstructionCountO3,-0.008,-0.2824675324675325,0.0,-0.002380952380952381,-0.004155844155844156,1.4877663012316809,True,False,False,,0.2619141089999175,,,04ff8444bad76f4ad83e20e40aec5456b3065c08,840,3850,72,37,840,493,f956762655919dbaa279d16b490de5d1051a5507,842,3866,71,36,842,494,0,0,31,21,6,27,18,3,8,23,2,0,0,72,0,50,14,15,73,162,131,84,102,27,72,10,36,59,29,19,53,54,50,67,55,29,7,193,0,3,0,21,51,2,6,119,5,19,2,13,72,840,493,37,0,389,0,0,31,21,6,27,18,3,8,23,2,0,0,71,0,50,13,15,73,162,133,84,102,27,72,10,36,59,29,20,51,56,50,68,55,29,7,193,0,3,0,20,51,2,6,119,5,19,2,13,71,842,494,36,0,391,2,16,,
benchmark_cbench-v1_bitcount_8_671878,f6c9fb279f76113f,24223de53746444394b73b36ea25f8f4,2026-07-31T14:41:05.043604+00:00,benchmark://cbench-v1,0.2.5,10.0.0 x86_64-unknown-linux-gnu,Dhanush,3.10.20,benchmark://cbench-v1/bitcount,8,2,122,-tailcallelim,-tailcallelim,2,"[10, 36]",IrInstructionCountO3,0.0,0.0,0.0,0.0,0.0,1.4877663012316809,True,False,True,no_ir_change,0.27807500600010826,,,f956762655919dbaa279d16b490de5d1051a5507,842,3866,71,36,842,494,86b0f54d0d7f3110cfa925ff5b46050b1a202f1d,842,3866,71,36,842,494,0,0,31,21,6,27,18,3,8,23,2,0,0,71,0,50,13,15,73,162,133,84,102,27,72,10,36,59,29,20,51,56,50,68,55,29,7,193,0,3,0,20,51,2,6,119,5,19,2,13,71,842,494,36,0,391,0,0,31,21,6,27,18,3,8,23,2,0,0,71,0,50,13,15,73,162,133,84,102,27,72,10,36,59,29,20,51,56,50,68,55,29,7,193,0,3,0,20,51,2,6,119,5,19,2,13,71,842,494,36,0,391,0,0,,
benchmark_cbench-v1_bitcount_9_31dc20,b5e2a78fc4b3bc41,24223de53746444394b73b36ea25f8f4,2026-07-31T14:41:05.043604+00:00,benchmark://cbench-v1,0.2.5,10.0.0 x86_64-unknown-linux-gnu,Dhanush,3.10.20,benchmark://cbench-v1/bitcount,9,0,24,-dce,-dce,0,[],IrInstructionCountO3,0.004,0.08751458576429404,0.0,0.0011668611435239206,0.0,0.08751458576429404,True,False,False,,0.2781889459993181,,,fddc97bdd0d0712a81a48d048c526f3c601f78ca,857,3894,85,37,857,495,b494f1225ad8a418c29fb68ef653c104372c8410,856,3894,85,37,856,495,0,2,43,31,7,38,18,3,8,25,3,2,0,83,2,63,14,13,88,164,131,86,103,38,74,10,36,59,28,18,67,54,63,67,55,29,7,195,0,3,2,21,51,1,7,119,5,19,2,13,85,857,495,37,5,391,0,2,43,31,7,38,18,3,8,25,3,2,0,83,2,63,14,13,88,164,131,86,103,38,74,10,36,59,28,18,67,54,63,67,55,29,7,195,0,3,2,21,51,1,7,119,5,19,2,12,85,856,495,37,5,390,-1,0,,
benchmark_cbench-v1_bitcount_9_31dc20,9c979a133df1fa18,24223de53746444394b73b36ea25f8f4,2026-07-31T14:41:05.043604+00:00,benchmark://cbench-v1,0.2.5,10.0.0 x86_64-unknown-linux-gnu,Dhanush,3.10.20,benchmark://cbench-v1/bitcount,9,1,53,-instcombine,-instcombine,1,[24],IrInstructionCountO3,0.532,14.060587460219171,0.0,0.15537383177570094,0.0963020030816641,14.148102045983466,True,False,False,,0.2765899719997833,,,b494f1225ad8a418c29fb68ef653c104372c8410,856,3894,85,37,856,495,4bcaed14d1458378be708e9af7a21d394b25fd4e,723,3519,85,39,723,387,0,2,43,31,7,38,18,3,8,25,3,2,0,83,2,63,14,13,88,164,131,86,103,38,74,10,36,59,28,18,67,54,63,67,55,29,7,195,0,3,2,21,51,1,7,119,5,19,2,12,85,856,495,37,5,390,0,8,43,31,7,38,18,3,8,25,3,8,0,77,8,63,14,13,88,109,151,83,83,38,72,4,37,44,34,12,73,51,63,62,53,30,14,140,0,4,8,21,29,0,8,88,1,9,2,16,85,723,387,39,17,290,-133,-375,,
benchmark_cbench-v1_bitcount_9_31dc20,b1c567d21b6b0bf3,24223de53746444394b73b36ea25f8f4,2026-07-31T14:41:05.043604+00:00,benchmark://cbench-v1,0.2.5,10.0.0 x86_64-unknown-linux-gnu,Dhanush,3.10.20,benchmark://cbench-v1/bitcount,9,2,30,-early-cse,-early-cse,2,"[24, 53]",IrInstructionCountO3,0.184,3.450386107897965,0.0,0.0636237897648686,-0.05285592497868713,17.59848815388143,True,False,False,,0.2752131269999154,,,4bcaed14d1458378be708e9af7a21d394b25fd4e,723,3519,85,39,723,387,debb133f2e22b3883c979f39a748a48bf3723faf,677,3705,85,39,677,365,0,8,43,31,7,38,18,3,8,25,3,8,0,77,8,63,14,13,88,109,151,83,83,38,72,4,37,44,34,12,73,51,63,62,53,30,14,140,0,4,8,21,29,0,8,88,1,9,2,16,85,723,387,39,17,290,0,8,43,31,7,38,18,3,8,25,3,8,0,77,8,63,14,13,88,109,151,83,83,38,72,4,37,44,34,11,74,27,63,62,53,30,14,118,0,4,8,21,29,0,8,88,1,9,2,16,85,677,365,39,17,244,-46,186,,
benchmark_cbench-v1_bitcount_9_31dc20,e009e25a03804bce,24223de53746444394b73b36ea25f8f4,2026-07-31T14:41:05.043604+00:00,benchmark://cbench-v1,0.2.5,10.0.0 x86_64-unknown-linux-gnu,Dhanush,3.10.20,benchmark://cbench-v1/bitcount,9,3,122,-tailcallelim,-tailcallelim,3,"[24, 53, 30]",IrInstructionCountO3,0.0,0.05398110661268557,0.0,0.0,0.0021592442645074223,17.652469260494115,True,False,True,no_ir_change,0.27895203000025504,,,debb133f2e22b3883c979f39a748a48bf3723faf,677,3705,85,39,677,365,a1b97fc1f6b1406eb228a2278f7686c3c88dfc7e,677,3697,85,39,677,365,0,8,43,31,7,38,18,3,8,25,3,8,0,77,8,63,14,13,88,109,151,83,83,38,72,4,37,44,34,11,74,27,63,62,53,30,14,118,0,4,8,21,29,0,8,88,1,9,2,16,85,677,365,39,17,244,0,8,43,31,7,38,18,3,8,25,3,8,0,77,8,63,14,13,88,109,151,83,83,38,72,4,37,44,34,11,74,27,63,62,53,30,14,118,0,4,8,21,29,0,8,88,1,9,2,16,85,677,365,39,17,244,0,-8,,
benchmark_cbench-v1_blowfish_0_b8918d,04a706d6d609ad9f,24223de53746444394b73b36ea25f8f4,2026-07-31T14:41:05.043604+00:00,benchmark://cbench-v1,0.2.5,10.0.0 x86_64-unknown-linux-gnu,Dhanush,3.10.20,benchmark://cbench-v1/blowfish,0,0,40,-globaldce,-globaldce,0,[],IrInstructionCountO3,0.0,0.0,0.0,0.0,0.0,0.0,True,True,True,action_no_effect,0.2928327770005126,,,ae3ca982f7cfe329696b91fa22feba31270193da,3898,16573,136,22,3898,2551,ae3ca982f7cfe329696b91fa22feba31270193da,3898,16573,136,22,3898,2551,0,2,75,49,18,77,53,27,20,43,0,2,0,134,2,120,15,38,181,373,933,201,337,77,590,0,183,93,231,33,101,114,120,159,457,43,168,1205,0,63,2,8,28,0,65,637,7,102,113,91,136,3898,2551,22,4,1633,0,2,75,49,18,77,53,27,20,43,0,2,0,134,2,120,15,38,181,373,933,201,337,77,590,0,183,93,231,33,101,114,120,159,457,43,168,1205,0,63,2,8,28,0,65,637,7,102,113,91,136,3898,2551,22,4,1633,0,0,,
benchmark_cbench-v1_blowfish_1_fab186,eec1c007ad42653a,24223de53746444394b73b36ea25f8f4,2026-07-31T14:41:05.043604+00:00,benchmark://cbench-v1,0.2.5,10.0.0 x86_64-unknown-linux-gnu,Dhanush,3.10.20,benchmark://cbench-v1/blowfish,1,0,30,-early-cse,-early-cse,0,[],IrInstructionCountO3,0.19583333333333333,6.4636471438442475,0.0,0.09645972293483839,-0.03083328305074519,6.4636471438442475,True,False,False,,0.31857909400059725,,,ae3ca982f7cfe329696b91fa22feba31270193da,3898,16573,136,22,3898,2551,a14467854649d2cccd89f54453f29df534a79dab,3522,17084,136,22,3522,2239,0,2,75,49,18,77,53,27,20,43,0,2,0,134,2,120,15,38,181,373,933,201,337,77,590,0,183,93,231,33,101,114,120,159,457,43,168,1205,0,63,2,8,28,0,65,637,7,102,113,91,136,3898,2551,22,4,1633,0,2,75,49,18,77,53,27,20,43,0,2,0,134,2,120,15,38,181,373,846,130,321,77,590,0,183,93,231,32,102,57,120,159,410,43,168,941,0,63,2,8,21,0,65,636,7,102,113,91,136,3522,2239,22,4,1305,-376,511,,
benchmark_cbench-v1_blowfish_1_fab186,093d79179f80e8ef,24223de53746444394b73b36ea25f8f4,2026-07-31T14:41:05.043604+00:00,benchmark://cbench-v1,0.2.5,10.0.0 x86_64-unknown-linux-gnu,Dhanush,3.10.20,benchmark://cbench-v1/blowfish,1,1,15,-constmerge,-constmerge,1,[30],IrInstructionCountO3,0.0,0.0,0.0,0.0,0.0,6.4636471438442475,True,True,True,action_no_effect,0.26987005099999806,,,a14467854649d2cccd89f54453f29df534a79dab,3522,17084,136,22,3522,2239,a14467854649d2cccd89f54453f29df534a79dab,3522,17084,136,22,3522,2239,0,2,75,49,18,77,53,27,20,43,0,2,0,134,2,120,15,38,181,373,846,130,321,77,590,0,183,93,231,32,102,57,120,159,410,43,168,941,0,63,2,8,21,0,65,636,7,102,113,91,136,3522,2239,22,4,1305,0,2,75,49,18,77,53,27,20,43,0,2,0,134,2,120,15,38,181,373,846,130,321,77,590,0,183,93,231,32,102,57,120,159,410,43,168,941,0,63,2,8,21,0,65,636,7,102,113,91,136,3522,2239,22,4,1305,0,0,,
benchmark_cbench-v1_blowfish_2_32b516,3f8f21746029f907,24223de53746444394b73b36ea25f8f4,2026-07-31T14:41:05.043604+00:00,benchmark://cbench-v1,0.2.5,10.0.0 x86_64-unknown-linux-gnu,Dhanush,3.10.20,benchmark://cbench-v1/blowfish,2,0,102,-functionattrs,-functionattrs,0,[],IrInstructionCountO3,0.0,0.0,0.0,0.0,0.0,0.0,True,False,True,no_ir_change,0.26557888699971954,,,ae3ca982f7cfe329696b91fa22feba31270193da,3898,16573,136,22,3898,2551,297ce1e55596eb3115f6802b483c328f399e195a,3898,16573,136,22,3898,2551,0,2,75,49,18,77,53,27,20,43,0,2,0,134,2,120,15,38,181,373,933,201,337,77,590,0,183,93,231,33,101,114,120,159,457,43,168,1205,0,63,2,8,28,0,65,637,7,102,113,91,136,3898,2551,22,4,1633,0,2,75,49,18,77,53,27,20,43,0,2,0,134,2,120,15,38,181,373,933,201,337,77,590,0,183,93,231,33,101,114,120,159,457,43,168,1205,0,63,2,8,28,0,65,637,7,102,113,91,136,3898,2551,22,4,1633,0,0,,
benchmark_cbench-v1_blowfish_3_f9ed47,1524bc0c9da0f86d,24223de53746444394b73b36ea25f8f4,2026-07-31T14:41:05.043604+00:00,benchmark://cbench-v1,0.2.5,10.0.0 x86_64-unknown-linux-gnu,Dhanush,3.10.20,benchmark://cbench-v1/blowfish,3,0,53,-instcombine,-instcombine,0,[],IrInstructionCountO3,0.2140625,10.500974558599628,0.0,0.10543868650590046,0.10372292282628372,10.500974558599628,True,False,False,,0.30309389400008513,,,ae3ca982f7cfe329696b91fa22feba31270193da,3898,16573,136,22,3898,2551,81deb9d048ad6a7ec167a2111fd702df04dc0ee1,3487,14854,136,24,3487,2241,0,2,75,49,18,77,53,27,20,43,0,2,0,134,2,120,15,38,181,373,933,201,337,77,590,0,183,93,231,33,101,114,120,159,457,43,168,1205,0,63,2,8,28,0,65,637,7,102,113,91,136,3898,2551,22,4,1633,0,9,75,49,18,77,53,27,20,43,0,9,0,127,9,120,15,38,181,163,1052,226,253,77,487,0,89,88,134,29,105,122,120,153,459,43,168,935,0,159,9,8,18,0,65,606,0,100,112,85,136,3487,2241,24,18,1353,-411,-1719,,
benchmark_cbench-v1_blowfish_3_f9ed47,c2318e698dfdc3db,24223de53746444394b73b36ea25f8f4,2026-07-31T14:41:05.043604+00:00,benchmark://cbench-v1,0.2.5,10.0.0 x86_64-unknown-linux-gnu,Dhanush,3.10.20,benchmark://cbench-v1/blowfish,3,1,26,-dse,-dse,1,[53],IrInstructionCountO3,0.04583333333333333,3.1062223305791514,0.0,0.025236593059936908,0.04853911404335533,13.60719688917878,True,False,False,,0.28278013199997076,,,81deb9d048ad6a7ec167a2111fd702df04dc0ee1,3487,14854,136,24,3487,2241,9d7767cf9fda18169b5e70f7825fe07e066f6480,3399,14133,136,24,3399,2157,0,9,75,49,18,77,53,27,20,43,0,9,0,127,9,120,15,38,181,163,1052,226,253,77,487,0,89,88,134,29,105,122,120,153,459,43,168,935,0,159,9,8,18,0,65,606,0,100,112,85,136,3487,2241,24,18,1353,0,9,75,49,18,77,53,27,20,43,0,9,0,127,9,120,15,38,181,163,1013,193,247,77,487,0,89,88,134,29,105,118,120,153,447,43,168,935,0,159,9,8,18,0,65,534,0,100,112,85,136,3399,2157,24,18,1349,-88,-721,,
benchmark_cbench-v1_blowfish_3_f9ed47,6ab0525092b43fca,24223de53746444394b73b36ea25f8f4,2026-07-31T14:41:05.043604+00:00,benchmark://cbench-v1,0.2.5,10.0.0 x86_64-unknown-linux-gnu,Dhanush,3.10.20,benchmark://cbench-v1/blowfish,3,2,1,-adce,-adce,2,"[53, 26]",IrInstructionCountO3,0.0,0.0,0.0,0.0,0.0,13.60719688917878,True,True,True,action_no_effect,0.2973529339997185,,,9d7767cf9fda18169b5e70f7825fe07e066f6480,3399,14133,136,24,3399,2157,9d7767cf9fda18169b5e70f7825fe07e066f6480,3399,14133,136,24,3399,2157,0,9,75,49,18,77,53,27,20,43,0,9,0,127,9,120,15,38,181,163,1013,193,247,77,487,0,89,88,134,29,105,118,120,153,447,43,168,935,0,159,9,8,18,0,65,534,0,100,112,85,136,3399,2157,24,18,1349,0,9,75,49,18,77,53,27,20,43,0,9,0,127,9,120,15,38,181,163,1013,193,247,77,487,0,89,88,134,29,105,118,120,153,447,43,168,935,0,159,9,8,18,0,65,534,0,100,112,85,136,3399,2157,24,18,1349,0,0,,
benchmark_cbench-v1_blowfish_4_f17115,5c60db86fff888dc,24223de53746444394b73b36ea25f8f4,2026-07-31T14:41:05.043604+00:00,benchmark://cbench-v1,0.2.5,10.0.0 x86_64-unknown-linux-gnu,Dhanush,3.10.20,benchmark://cbench-v1/blowfish,4,0,105,-reassociate,-reassociate,0,[],IrInstructionCountO3,0.0005208333333333333,0.4702754518877364,0.0,0.0002565418163160595,0.018041392626561275,0.4702754518877364,True,False,False,,0.3055194670005221,,,ae3ca982f7cfe329696b91fa22feba31270193da,3898,16573,136,22,3898,2551,5078f8884e6c00553bcd15d4da2cffc6627ba43f,3897,16274,136,22,3897,2551,0,2,75,49,18,77,53,27,20,43,0,2,0,134,2,120,15,38,181,373,933,201,337,77,590,0,183,93,231,33,101,114,120,159,457,43,168,1205,0,63,2,8,28,0,65,637,7,102,113,91,136,3898,2551,22,4,1633,0,2,75,49,18,77,53,27,20,43,0,2,0,134,2,120,15,38,181,372,933,201,337,77,589,0,184,93,231,33,101,114,120,159,457,43,168,1205,2,63,2,8,28,0,63,637,5,102,113,91,136,3897,2551,22,4,1633,-1,-299,,
benchmark_cbench-v1_blowfish_4_f17115,6c399e102158c24a,24223de53746444394b73b36ea25f8f4,2026-07-31T14:41:05.043604+00:00,benchmark://cbench-v1,0.2.5,10.0.0 x86_64-unknown-linux-gnu,Dhanush,3.10.20,benchmark://cbench-v1/blowfish,4,1,79,-loop-vectorize,-loop-vectorize,1,[105],IrInstructionCountO3,0.0,0.0,0.0,0.0,0.0,0.4702754518877364,True,True,True,action_no_effect,0.3031900559999485,,,5078f8884e6c00553bcd15d4da2cffc6627ba43f,3897,16274,136,22,3897,2551,5078f8884e6c00553bcd15d4da2cffc6627ba43f,3897,16274,136,22,3897,2551,0,2,75,49,18,77,53,27,20,43,0,2,0,134,2,120,15,38,181,372,933,201,337,77,589,0,184,93,231,33,101,114,120,159,457,43,168,1205,2,63,2,8,28,0,63,637,5,102,113,91,136,3897,2551,22,4,1633,0,2,75,49,18,77,53,27,20,43,0,2,0,134,2,120,15,38,181,372,933,201,337,77,589,0,184,93,231,33,101,114,120,159,457,43,168,1205,2,63,2,8,28,0,63,637,5,102,113,91,136,3897,2551,22,4,1633,0,0,,
benchmark_cbench-v1_blowfish_5_756527,0482ca10e29d470b,24223de53746444394b73b36ea25f8f4,2026-07-31T14:41:05.043604+00:00,benchmark://cbench-v1,0.2.5,10.0.0 x86_64-unknown-linux-gnu,Dhanush,3.10.20,benchmark://cbench-v1/blowfish,5,0,62,-loop-distribute,-loop-distribute,0,[],IrInstructionCountO3,0.0,0.0,0.0,0.0,0.0,0.0,True,True,True,action_no_effect,0.30783570499988855,,,ae3ca982f7cfe329696b91fa22feba31270193da,3898,16573,136,22,3898,2551,ae3ca982f7cfe329696b91fa22feba31270193da,3898,16573,136,22,3898,2551,0,2,75,49,18,77,53,27,20,43,0,2,0,134,2,120,15,38,181,373,933,201,337,77,590,0,183,93,231,33,101,114,120,159,457,43,168,1205,0,63,2,8,28,0,65,637,7,102,113,91,136,3898,2551,22,4,1633,0,2,75,49,18,77,53,27,20,43,0,2,0,134,2,120,15,38,181,373,933,201,337,77,590,0,183,93,231,33,101,114,120,159,457,43,168,1205,0,63,2,8,28,0,65,637,7,102,113,91,136,3898,2551,22,4,1633,0,0,,
benchmark_cbench-v1_blowfish_6_7c71e4,8f8c14b7ee5a61cc,24223de53746444394b73b36ea25f8f4,2026-07-31T14:41:05.043604+00:00,benchmark://cbench-v1,0.2.5,10.0.0 x86_64-unknown-linux-gnu,Dhanush,3.10.20,benchmark://cbench-v1/blowfish,6,0,39,-gvn,-gvn,0,[],IrInstructionCountO3,0.4010416666666667,10.090737910112807,0.0,0.19753719856336582,-0.188982079285585,10.090737910112807,True,False,False,,0.339601386999675,,,ae3ca982f7cfe329696b91fa22feba31270193da,3898,16573,136,22,3898,2551,dec18c697563e25d96b9117f6377d4ae3684ad7f,3128,19705,129,22,3128,1760,0,2,75,49,18,77,53,27,20,43,0,2,0,134,2,120,15,38,181,373,933,201,337,77,590,0,183,93,231,33,101,114,120,159,457,43,168,1205,0,63,2,8,28,0,65,637,7,102,113,91,136,3898,2551,22,4,1633,13,30,68,42,18,70,53,27,20,43,0,37,6,86,43,113,15,36,174,377,857,152,315,70,588,0,181,93,231,29,100,57,113,159,401,43,168,470,0,63,98,8,19,0,65,637,7,102,113,91,129,3128,1760,22,196,832,-770,3132,,
benchmark_cbench-v1_blowfish_7_c35278,2e7a78de64440810,24223de53746444394b73b36ea25f8f4,2026-07-31T14:41:05.043604+00:00,benchmark://cbench-v1,0.2.5,10.0.0 x86_64-unknown-linux-gnu,Dhanush,3.10.20,benchmark://cbench-v1/blowfish,7,0,24,-dce,-dce,0,[],IrInstructionCountO3,0.0,0.0,0.0,0.0,0.0,0.0,True,True,True,action_no_effect,0.29882205199919554,,,ae3ca982f7cfe329696b91fa22feba31270193da,3898,16573,136,22,3898,2551,ae3ca982f7cfe329696b91fa22feba31270193da,3898,16573,136,22,3898,2551,0,2,75,49,18,77,53,27,20,43,0,2,0,134,2,120,15,38,181,373,933,201,337,77,590,0,183,93,231,33,101,114,120,159,457,43,168,1205,0,63,2,8,28,0,65,637,7,102,113,91,136,3898,2551,22,4,1633,0,2,75,49,18,77,53,27,20,43,0,2,0,134,2,120,15,38,181,373,933,201,337,77,590,0,183,93,231,33,101,114,120,159,457,43,168,1205,0,63,2,8,28,0,65,637,7,102,113,91,136,3898,2551,22,4,1633,0,0,,
benchmark_cbench-v1_blowfish_8_6b2744,d93d0cd3bee43784,24223de53746444394b73b36ea25f8f4,2026-07-31T14:41:05.043604+00:00,benchmark://cbench-v1,0.2.5,10.0.0 x86_64-unknown-linux-gnu,Dhanush,3.10.20,benchmark://cbench-v1/blowfish,8,0,62,-loop-distribute,-loop-distribute,0,[],IrInstructionCountO3,0.0,0.0,0.0,0.0,0.0,0.0,True,True,True,action_no_effect,0.3149583149997852,,,ae3ca982f7cfe329696b91fa22feba31270193da,3898,16573,136,22,3898,2551,ae3ca982f7cfe329696b91fa22feba31270193da,3898,16573,136,22,3898,2551,0,2,75,49,18,77,53,27,20,43,0,2,0,134,2,120,15,38,181,373,933,201,337,77,590,0,183,93,231,33,101,114,120,159,457,43,168,1205,0,63,2,8,28,0,65,637,7,102,113,91,136,3898,2551,22,4,1633,0,2,75,49,18,77,53,27,20,43,0,2,0,134,2,120,15,38,181,373,933,201,337,77,590,0,183,93,231,33,101,114,120,159,457,43,168,1205,0,63,2,8,28,0,65,637,7,102,113,91,136,3898,2551,22,4,1633,0,0,,
benchmark_cbench-v1_blowfish_9_8305ab,b60f57b7ba721341,24223de53746444394b73b36ea25f8f4,2026-07-31T14:41:05.043604+00:00,benchmark://cbench-v1,0.2.5,10.0.0 x86_64-unknown-linux-gnu,Dhanush,3.10.20,benchmark://cbench-v1/blowfish,9,0,39,-gvn,-gvn,0,[],IrInstructionCountO3,0.4010416666666667,10.090737910112807,0.0,0.19753719856336582,-0.188982079285585,10.090737910112807,True,False,False,,0.3174215160006497,,,ae3ca982f7cfe329696b91fa22feba31270193da,3898,16573,136,22,3898,2551,dec18c697563e25d96b9117f6377d4ae3684ad7f,3128,19705,129,22,3128,1760,0,2,75,49,18,77,53,27,20,43,0,2,0,134,2,120,15,38,181,373,933,201,337,77,590,0,183,93,231,33,101,114,120,159,457,43,168,1205,0,63,2,8,28,0,65,637,7,102,113,91,136,3898,2551,22,4,1633,13,30,68,42,18,70,53,27,20,43,0,37,6,86,43,113,15,36,174,377,857,152,315,70,588,0,181,93,231,29,100,57,113,159,401,43,168,470,0,63,98,8,19,0,65,637,7,102,113,91,129,3128,1760,22,196,832,-770,3132,,
benchmark_cbench-v1_blowfish_9_8305ab,0fc1c879e48b7e02,24223de53746444394b73b36ea25f8f4,2026-07-31T14:41:05.043604+00:00,benchmark://cbench-v1,0.2.5,10.0.0 x86_64-unknown-linux-gnu,Dhanush,3.10.20,benchmark://cbench-v1/blowfish,9,1,5,-argpromotion,-argpromotion,1,[39],IrInstructionCountO3,0.0,0.0,0.0,0.0,0.0,10.090737910112807,True,True,True,action_no_effect,0.26402834100008477,,,dec18c697563e25d96b9117f6377d4ae3684ad7f,3128,19705,129,22,3128,1760,dec18c697563e25d96b9117f6377d4ae3684ad7f,3128,19705,129,22,3128,1760,13,30,68,42,18,70,53,27,20,43,0,37,6,86,43,113,15,36,174,377,857,152,315,70,588,0,181,93,231,29,100,57,113,159,401,43,168,470,0,63,98,8,19,0,65,637,7,102,113,91,129,3128,1760,22,196,832,13,30,68,42,18,70,53,27,20,43,0,37,6,86,43,113,15,36,174,377,857,152,315,70,588,0,181,93,231,29,100,57,113,159,401,43,168,470,0,63,98,8,19,0,65,637,7,102,113,91,129,3128,1760,22,196,832,0,0,,
benchmark_cbench-v1_bzip2_0_62c8fe,8ca9d35269ca06fc,24223de53746444394b73b36ea25f8f4,2026-07-31T14:41:05.043604+00:00,benchmark://cbench-v1,0.2.5,10.0.0 x86_64-unknown-linux-gnu,Dhanush,3.10.20,benchmark://cbench-v1/bzip2,0,0,40,-globaldce,-globaldce,0,[],IrInstructionCountO3,0.0,0.0,0.0,0.0,0.0,0.0,True,True,True,action_no_effect,0.43414146899976913,,,49deb7a721cce9d543a7e756ae05d08d4437e266,28748,122613,3311,153,28748,19304,49deb7a721cce9d543a7e756ae05d08d4437e266,28748,122613,3311,153,28748,19304,0,16,2242,1401,769,1872,856,422,378,1248,102,16,0,3295,16,3117,309,704,4529,9201,2218,5042,2319,1872,1452,51,1053,773,151,396,2912,926,3117,1647,4146,1294,104,9363,30,98,16,101,782,17,147,3375,279,172,36,940,3311,28748,19304,153,32,12966,0,16,2242,1401,769,1872,856,422,378,1248,102,16,0,3295,16,3117,309,704,4529,9201,2218,5042,2319,1872,1452,51,1053,773,151,396,2912,926,3117,1647,4146,1294,104,9363,30,98,16,101,782,17,147,3375,279,172,36,940,3311,28748,19304,153,32,12966,0,0,,
benchmark_cbench-v1_bzip2_1_80a950,2b8c070d44495b7e,24223de53746444394b73b36ea25f8f4,2026-07-31T14:41:05.043604+00:00,benchmark://cbench-v1,0.2.5,10.0.0 x86_64-unknown-linux-gnu,Dhanush,3.10.20,benchmark://cbench-v1/bzip2,1,0,78,-loop-unswitch,-loop-unswitch,0,[],IrInstructionCountO3,-0.0019835055851341477,-0.059355556106534355,0.0,-0.0006609155419507444,-0.00039147561840914097,-0.059355556106534355,True,False,False,,0.4991810990004524,,,49deb7a721cce9d543a7e756ae05d08d4437e266,28748,122613,3311,153,28748,19304,ff33660953dae92eb7a42bde5dfa80c8af1310f9,28767,122661,3330,153,28767,19304,0,16,2242,1401,769,1872,856,422,378,1248,102,16,0,3295,16,3117,309,704,4529,9201,2218,5042,2319,1872,1452,51,1053,773,151,396,2912,926,3117,1647,4146,1294,104,9363,30,98,16,101,782,17,147,3375,279,172,36,940,3311,28748,19304,153,32,12966,0,16,2250,1409,769,1891,872,435,380,1248,97,16,0,3314,16,3136,309,696,4548,9201,2218,5042,2319,1891,1452,51,1053,773,151,396,2931,926,3136,1647,4146,1294,104,9363,30,98,16,101,782,17,147,3375,279,172,36,940,3330,28767,19304,153,32,12966,19,48,,
benchmark_cbench-v1_bzip2_1_80a950,65e65f0f668ec08e,24223de53746444394b73b36ea25f8f4,2026-07-31T14:41:05.043604+00:00,benchmark://cbench-v1,0.2.5,10.0.0 x86_64-unknown-linux-gnu,Dhanush,3.10.20,benchmark://cbench-v1/bzip2,1,1,47,-indvars,-indvars,1,[78],IrInstructionCountO3,0.0,0.0,0.0,0.0,0.0,-0.059355556106534355,True,True,True,action_no_effect,0.4518164279998018,,,ff33660953dae92eb7a42bde5dfa80c8af1310f9,28767,122661,3330,153,28767,19304,ff33660953dae92eb7a42bde5dfa80c8af1310f9,28767,122661,3330,153,28767,19304,0,16,2250,1409,769,1891,872,435,380,1248,97,16,0,3314,16,3136,309,696,4548,9201,2218,5042,2319,1891,1452,51,1053,773,151,396,2931,926,3136,1647,4146,1294,104,9363,30,98,16,101,782,17,147,3375,279,172,36,940,3330,28767,19304,153,32,12966,0,16,2250,1409,769,1891,872,435,380,1248,97,16,0,3314,16,3136,309,696,4548,9201,2218,5042,2319,1891,1452,51,1053,773,151,396,2931,926,3136,1647,4146,1294,104,9363,30,98,16,101,782,17,147,3375,279,172,36,940,3330,28767,19304,153,32,12966,0,0,,
benchmark_cbench-v1_bzip2_2_34945c,3ca5d3024576f29b,24223de53746444394b73b36ea25f8f4,2026-07-31T14:41:05.043604+00:00,benchmark://cbench-v1,0.2.5,10.0.0 x86_64-unknown-linux-gnu,Dhanush,3.10.20,benchmark://cbench-v1/bzip2,2,0,122,-tailcallelim,-tailcallelim,0,[],IrInstructionCountO3,0.0,0.0260983745606094,0.0,0.0,0.0010439349824243758,0.0260983745606094,True,False,True,no_ir_change,0.510403240999949,,,49deb7a721cce9d543a7e756ae05d08d4437e266,28748,122613,3311,153,28748,19304,cc493187f22eb26037d9ea1afd2017c44051cc22,28748,122485,3311,153,28748,19304,0,16,2242,1401,769,1872,856,422,378,1248,102,16,0,3295,16,3117,309,704,4529,9201,2218,5042,2319,1872,1452,51,1053,773,151,396,2912,926,3117,1647,4146,1294,104,9363,30,98,16,101,782,17,147,3375,279,172,36,940,3311,28748,19304,153,32,12966,0,16,2242,1401,769,1872,856,422,378,1248,102,16,0,3295,16,3117,309,704,4529,9201,2218,5042,2319,1872,1452,51,1053,773,151,396,2912,926,3117,1647,4146,1294,104,9363,30,98,16,101,782,17,147,3375,279,172,36,940,3311,28748,19304,153,32,12966,0,-128,,
benchmark_cbench-v1_bzip2_3_f6b765,a7fe1cc6f61a3ca6,24223de53746444394b73b36ea25f8f4,2026-07-31T14:41:05.043604+00:00,benchmark://cbench-v1,0.2.5,10.0.0 x86_64-unknown-linux-gnu,Dhanush,3.10.20,benchmark://cbench-v1/bzip2,3,0,47,-indvars,-indvars,0,[],IrInstructionCountO3,-0.0019835055851341477,-0.059355556106534355,0.0,-0.0006609155419507444,-0.00039147561840914097,-0.059355556106534355,True,False,False,,0.5757180400005382,,,49deb7a721cce9d543a7e756ae05d08d4437e266,28748,122613,3311,153,28748,19304,ff33660953dae92eb7a42bde5dfa80c8af1310f9,28767,122661,3330,153,28767,19304,0,16,2242,1401,769,1872,856,422,378,1248,102,16,0,3295,16,3117,309,704,4529,9201,2218,5042,2319,1872,1452,51,1053,773,151,396,2912,926,3117,1647,4146,1294,104,9363,30,98,16,101,782,17,147,3375,279,172,36,940,3311,28748,19304,153,32,12966,0,16,2250,1409,769,1891,872,435,380,1248,97,16,0,3314,16,3136,309,696,4548,9201,2218,5042,2319,1891,1452,51,1053,773,151,396,2931,926,3136,1647,4146,1294,104,9363,30,98,16,101,782,17,147,3375,279,172,36,940,3330,28767,19304,153,32,12966,19,48,,
benchmark_cbench-v1_bzip2_3_f6b765,4f181501c5163bef,24223de53746444394b73b36ea25f8f4,2026-07-31T14:41:05.043604+00:00,benchmark://cbench-v1,0.2.5,10.0.0 x86_64-unknown-linux-gnu,Dhanush,3.10.20,benchmark://cbench-v1/bzip2,3,1,77,-loop-unroll,-loop-unroll,1,[47],IrInstructionCountO3,0.0,0.0,0.0,0.0,0.0,-0.059355556106534355,True,True,True,action_no_effect,0.47814340199965955,,,ff33660953dae92eb7a42bde5dfa80c8af1310f9,28767,122661,3330,153,28767,19304,ff33660953dae92eb7a42bde5dfa80c8af1310f9,28767,122661,3330,153,28767,19304,0,16,2250,1409,769,1891,872,435,380,1248,97,16,0,3314,16,3136,309,696,4548,9201,2218,5042,2319,1891,1452,51,1053,773,151,396,2931,926,3136,1647,4146,1294,104,9363,30,98,16,101,782,17,147,3375,279,172,36,940,3330,28767,19304,153,32,12966,0,16,2250,1409,769,1891,872,435,380,1248,97,16,0,3314,16,3136,309,696,4548,9201,2218,5042,2319,1891,1452,51,1053,773,151,396,2931,926,3136,1647,4146,1294,104,9363,30,98,16,101,782,17,147,3375,279,172,36,940,3330,28767,19304,153,32,12966,0,0,,
benchmark_cbench-v1_bzip2_4_87c8c6,4722a21826faf683,24223de53746444394b73b36ea25f8f4,2026-07-31T14:41:05.043604+00:00,benchmark://cbench-v1,0.2.5,10.0.0 x86_64-unknown-linux-gnu,Dhanush,3.10.20,benchmark://cbench-v1/bzip2,4,0,21,-correlated-propagation,-correlated-propagation,0,[],IrInstructionCountO3,0.00031318509238960227,0.007826631417837761,0.0,0.00010435508557117017,0.0,0.007826631417837761,True,False,False,,0.4499578819995804,,,49deb7a721cce9d543a7e756ae05d08d4437e266,28748,122613,3311,153,28748,19304,321fbf5ebc3c9d9c718728023eec5517af15700d,28745,122613,3311,153,28745,19304,0,16,2242,1401,769,1872,856,422,378,1248,102,16,0,3295,16,3117,309,704,4529,9201,2218,5042,2319,1872,1452,51,1053,773,151,396,2912,926,3117,1647,4146,1294,104,9363,30,98,16,101,782,17,147,3375,279,172,36,940,3311,28748,19304,153,32,12966,0,16,2242,1401,769,1872,856,422,378,1248,102,16,0,3295,16,3117,309,704,4529,9199,2217,5042,2319,1872,1449,51,1053,773,148,396,2912,926,3117,1647,4146,1294,104,9363,30,98,16,101,782,17,147,3375,279,172,36,940,3311,28745,19304,153,32,12966,-3,0,,
benchmark_cbench-v1_bzip2_4_87c8c6,7045b65383ad1755,24223de53746444394b73b36ea25f8f4,2026-07-31T14:41:05.043604+00:00,benchmark://cbench-v1,0.2.5,10.0.0 x86_64-unknown-linux-gnu,Dhanush,3.10.20,benchmark://cbench-v1/bzip2,4,1,47,-indvars,-indvars,1,[21],IrInstructionCountO3,-0.0019835055851341477,-0.059360729388737835,0.0,-0.0006609845190467908,-0.00039147561840914097,-0.05153409797090007,True,False,False,,0.4510180130000663,,,321fbf5ebc3c9d9c718728023eec5517af15700d,28745,122613,3311,153,28745,19304,f002d395427f2c5e9a5712e94cf5179b507d124b,28764,122661,3330,153,28764,19304,0,16,2242,1401,769,1872,856,422,378,1248,102,16,0,3295,16,3117,309,704,4529,9199,2217,5042,2319,1872,1449,51,1053,773,148,396,2912,926,3117,1647,4146,1294,104,9363,30,98,16,101,782,17,147,3375,279,172,36,940,3311,28745,19304,153,32,12966,0,16,2250,1409,769,1891,872,435,380,1248,97,16,0,3314,16,3136,309,696,4548,9199,2217,5042,2319,1891,1449,51,1053,773,148,396,2931,926,3136,1647,4146,1294,104,9363,30,98,16,101,782,17,147,3375,279,172,36,940,3330,28764,19304,153,32,12966,19,48,,
benchmark_cbench-v1_bzip2_4_87c8c6,c32960243fb0b26d,24223de53746444394b73b36ea25f8f4,2026-07-31T14:41:05.043604+00:00,benchmark://cbench-v1,0.2.5,10.0.0 x86_64-unknown-linux-gnu,Dhanush,3.10.20,benchmark://cbench-v1/bzip2,4,2,36,-inline,-inline,2,"[21, 47]",IrInstructionCountO3,-0.8233636078922644,-25.88349242336748,0.0,-0.2741969128076763,-0.2127489585116704,-25.93502652133838,True,False,False,,0.5902304949995596,,,f002d395427f2c5e9a5712e94cf5179b507d124b,28764,122661,3330,153,28764,19304,0390ff30032bed290fa1820bbfc86adcb04914fc,36651,148757,3670,107,36651,24714,0,16,2250,1409,769,1891,872,435,380,1248,97,16,0,3314,16,3136,309,696,4548,9199,2217,5042,2319,1891,1449,51,1053,773,148,396,2931,926,3136,1647,4146,1294,104,9363,30,98,16,101,782,17,147,3375,279,172,36,940,3330,28764,19304,153,32,12966,0,16,2459,1594,805,2087,1036,442,542,1426,97,16,0,3654,16,3512,329,755,5085,11762,3321,5862,2950,2087,1856,63,1219,1213,158,599,3069,1960,3512,2615,5000,1478,186,11532,30,171,16,55,872,17,294,4354,513,264,36,949,3670,36651,24714,107,32,16801,7887,26096,,
benchmark_cbench-v1_bzip2_4_87c8c6,d756d03eeaa53f95,24223de53746444394b73b36ea25f8f4,2026-07-31T14:41:05.043604+00:00,benchmark://cbench-v1,0.2.5,10.0.0 x86_64-unknown-linux-gnu,Dhanush,3.10.20,benchmark://cbench-v1/bzip2,4,3,55,-jump-threading,-jump-threading,3,"[21, 47, 36]",IrInstructionCountO3,0.05010961478233636,0.9249296377577234,0.0,0.01309650487026275,-0.002292329100479305,-25.010096883580655,True,False,False,,0.5295373589997325,,,0390ff30032bed290fa1820bbfc86adcb04914fc,36651,148757,3670,107,36651,24714,acb02eade431c86d6004214a43cdb157da7cde1e,36171,149098,3202,107,36171,24603,0,16,2459,1594,805,2087,1036,442,542,1426,97,16,0,3654,16,3512,329,755,5085,11762,3321,5862,2950,2087,1856,63,1219,1213,158,599,3069,1960,3512,2615,5000,1478,186,11532,30,171,16,55,872,17,294,4354,513,264,36,949,3670,36651,24714,107,32,16801,0,117,2077,1262,756,1639,912,302,567,1416,135,117,0,3085,117,3055,328,884,4599,11787,3330,5885,2952,1639,1856,63,1219,1213,158,604,2596,1967,3055,2623,5000,1469,186,11416,30,171,117,55,872,17,294,4351,513,264,36,949,3202,36171,24603,107,233,16692,-480,341,,
benchmark_cbench-v1_bzip2_4_87c8c6,13b9dd080ec5863f,24223de53746444394b73b36ea25f8f4,2026-07-31T14:41:05.043604+00:00,benchmark://cbench-v1,0.2.5,10.0.0 x86_64-unknown-linux-gnu,Dhanush,3.10.20,benchmark://cbench-v1/bzip2,4,4,55,-jump-threading,-jump-threading,4,"[21, 47, 36, 55]",IrInstructionCountO3,0.0,0.0,0.0,0.0,0.0,-25.010096883580655,True,True,True,action_no_effect,0.5148492489997807,,,acb02eade431c86d6004214a43cdb157da7cde1e,36171,149098,3202,107,36171,24603,acb02eade431c86d6004214a43cdb157da7cde1e,36171,149098,3202,107,36171,24603,0,117,2077,1262,756,1639,912,302,567,1416,135,117,0,3085,117,3055,328,884,4599,11787,3330,5885,2952,1639,1856,63,1219,1213,158,604,2596,1967,3055,2623,5000,1469,186,11416,30,171,117,55,872,17,294,4351,513,264,36,949,3202,36171,24603,107,233,16692,0,117,2077,1262,756,1639,912,302,567,1416,135,117,0,3085,117,3055,328,884,4599,11787,3330,5885,2952,1639,1856,63,1219,1213,158,604,2596,1967,3055,2623,5000,1469,186,11416,30,171,117,55,872,17,294,4351,513,264,36,949,3202,36171,24603,107,233,16692,0,0,,
benchmark_cbench-v1_bzip2_5_27a58b,d819204f90e0f9ab,24223de53746444394b73b36ea25f8f4,2026-07-31T14:41:05.043604+00:00,benchmark://cbench-v1,0.2.5,10.0.0 x86_64-unknown-linux-gnu,Dhanush,3.10.20,benchmark://cbench-v1/bzip2,5,0,1,-adce,-adce,0,[],IrInstructionCountO3,0.0017747155235410795,0.05740009864805202,0.0,0.0005913454849032976,0.0005219674912121879,0.05740009864805202,True,False,False,,0.45131200200012245,,,49deb7a721cce9d543a7e756ae05d08d4437e266,28748,122613,3311,153,28748,19304,67849b4217f6aed7874047fea62bc96fcdb5dd28,28731,122549,3311,153,28731,19304,0,16,2242,1401,769,1872,856,422,378,1248,102,16,0,3295,16,3117,309,704,4529,9201,2218,5042,2319,1872,1452,51,1053,773,151,396,2912,926,3117,1647,4146,1294,104,9363,30,98,16,101,782,17,147,3375,279,172,36,940,3311,28748,19304,153,32,12966,0,16,2242,1401,769,1872,856,422,378,1248,102,16,0,3295,16,3117,309,704,4529,9201,2218,5042,2319,1872,1452,51,1053,773,151,396,2912,926,3117,1647,4146,1294,104,9363,30,98,16,101,782,17,147,3375,279,172,36,923,3311,28731,19304,153,32,12949,-17,-64,,
benchmark_cbench-v1_bzip2_5_27a58b,4688ff75da711019,24223de53746444394b73b36ea25f8f4,2026-07-31T14:41:05.043604+00:00,benchmark://cbench-v1,0.2.5,10.0.0 x86_64-unknown-linux-gnu,Dhanush,3.10.20,benchmark://cbench-v1/bzip2,5,1,26,-dse,-dse,1,[1],IrInstructionCountO3,0.0009395552771688068,0.02186178693737635,0.0,0.000313250495979952,-6.528001044480167e-05,0.07926188558542838,True,False,False,,0.4828764069998215,,,67849b4217f6aed7874047fea62bc96fcdb5dd28,28731,122549,3311,153,28731,19304,7387672e6990e7a15277811b621afc177d1af3b4,28722,122557,3311,153,28722,19295,0,16,2242,1401,769,1872,856,422,378,1248,102,16,0,3295,16,3117,309,704,4529,9201,2218,5042,2319,1872,1452,51,1053,773,151,396,2912,926,3117,1647,4146,1294,104,9363,30,98,16,101,782,17,147,3375,279,172,36,923,3311,28731,19304,153,32,12949,0,16,2242,1401,769,1872,856,422,378,1248,102,16,0,3295,16,3117,309,704,4529,9197,2218,5042,2315,1872,1452,51,1053,769,151,396,2912,926,3117,1647,4146,1294,104,9363,30,98,16,101,782,17,147,3370,279,172,36,923,3311,28722,19295,153,32,12945,-9,8,,
benchmark_cbench-v1_bzip2_5_27a58b,4261f1b6aa0e91c0,24223de53746444394b73b36ea25f8f4,2026-07-31T14:41:05.043604+00:00,benchmark://cbench-v1,0.2.5,10.0.0 x86_64-unknown-linux-gnu,Dhanush,3.10.20,benchmark://cbench-v1/bzip2,5,2,21,-correlated-propagation,-correlated-propagation,2,"[1, 26]",IrInstructionCountO3,0.00031318509238960227,0.007833716315019843,0.0,0.00010444955086693127,0.0,0.08709560190044822,True,False,False,,0.49246605099961016,,,7387672e6990e7a15277811b621afc177d1af3b4,28722,122557,3311,153,28722,19295,946a6abe49c2bc62f13c059d37b9945ea9fc99f0,28719,122557,3311,153,28719,19295,0,16,2242,1401,769,1872,856,422,378,1248,102,16,0,3295,16,3117,309,704,4529,9197,2218,5042,2315,1872,1452,51,1053,769,151,396,2912,926,3117,1647,4146,1294,104,9363,30,98,16,101,782,17,147,3370,279,172,36,923,3311,28722,19295,153,32,12945,0,16,2242,1401,769,1872,856,422,378,1248,102,16,0,3295,16,3117,309,704,4529,9195,2217,5042,2315,1872,1449,51,1053,769,148,396,2912,926,3117,1647,4146,1294,104,9363,30,98,16,101,782,17,147,3370,279,172,36,923,3311,28719,19295,153,32,12945,-3,0,,
benchmark_cbench-v1_bzip2_5_27a58b,4845dc4c36f3d682,24223de53746444394b73b36ea25f8f4,2026-07-31T14:41:05.043604+00:00,benchmark://cbench-v1,0.2.5,10.0.0 x86_64-unknown-linux-gnu,Dhanush,3.10.20,benchmark://cbench-v1/bzip2,5,3,47,-indvars,-indvars,3,"[1, 26, 21]",IrInstructionCountO3,-0.0019835055851341477,-0.06267386916338122,0.0,-0.0006615829241965249,-0.0005222059939456742,0.024421732737067006,True,False,False,,0.512225483000293,,,946a6abe49c2bc62f13c059d37b9945ea9fc99f0,28719,122557,3311,153,28719,19295,7c3ba564caa641f5644c30b4d46faa316c8189ce,28738,122621,3330,153,28738,19295,0,16,2242,1401,769,1872,856,422,378,1248,102,16,0,3295,16,3117,309,704,4529,9195,2217,5042,2315,1872,1449,51,1053,769,148,396,2912,926,3117,1647,4146,1294,104,9363,30,98,16,101,782,17,147,3370,279,172,36,923,3311,28719,19295,153,32,12945,0,16,2250,1409,769,1891,872,435,380,1248,97,16,0,3314,16,3136,309,696,4548,9195,2217,5042,2315,1891,1449,51,1053,769,148,396,2931,926,3136,1647,4146,1294,104,9363,30,98,16,101,782,17,147,3370,279,172,36,923,3330,28738,19295,153,32,12945,19,64,,
benchmark_cbench-v1_bzip2_5_27a58b,40b89e271415e8d5,24223de53746444394b73b36ea25f8f4,2026-07-31T14:41:05.043604+00:00,benchmark://cbench-v1,0.2.5,10.0.0 x86_64-unknown-linux-gnu,Dhanush,3.10.20,benchmark://cbench-v1/bzip2,5,4,15,-constmerge,-constmerge,4,"[1, 26, 21, 47]",IrInstructionCountO3,0.0,0.0006116407466910237,0.0,0.0,2.446562986764094e-05,0.02503337348375803,True,False,True,no_ir_change,0.46520363800027553,,,7c3ba564caa641f5644c30b4d46faa316c8189ce,28738,122621,3330,153,28738,19295,4a02e5fc19e85c3482711ec9348ec97d250cee79,28738,122618,3330,153,28738,19295,0,16,2250,1409,769,1891,872,435,380,1248,97,16,0,3314,16,3136,309,696,4548,9195,2217,5042,2315,1891,1449,51,1053,769,148,396,2931,926,3136,1647,4146,1294,104,9363,30,98,16,101,782,17,147,3370,279,172,36,923,3330,28738,19295,153,32,12945,0,16,2250,1409,769,1891,872,435,380,1248,97,16,0,3314,16,3136,309,696,4548,9195,2217,5042,2315,1891,1449,51,1053,769,148,396,2931,926,3136,1647,4146,1294,104,9363,30,98,16,101,782,17,147,3370,279,172,36,923,3330,28738,19295,153,32,12945,0,-3,,
benchmark_cbench-v1_bzip2_6_05a395,b328eb92f46bade6,24223de53746444394b73b36ea25f8f4,2026-07-31T14:41:05.043604+00:00,benchmark://cbench-v1,0.2.5,10.0.0 x86_64-unknown-linux-gnu,Dhanush,3.10.20,benchmark://cbench-v1/bzip2,6,0,62,-loop-distribute,-loop-distribute,0,[],IrInstructionCountO3,0.0,0.0,0.0,0.0,0.0,0.0,True,True,True,action_no_effect,0.4968579090000276,,,49deb7a721cce9d543a7e756ae05d08d4437e266,28748,122613,3311,153,28748,19304,49deb7a721cce9d543a7e756ae05d08d4437e266,28748,122613,3311,153,28748,19304,0,16,2242,1401,769,1872,856,422,378,1248,102,16,0,3295,16,3117,309,704,4529,9201,2218,5042,2319,1872,1452,51,1053,773,151,396,2912,926,3117,1647,4146,1294,104,9363,30,98,16,101,782,17,147,3375,279,172,36,940,3311,28748,19304,153,32,12966,0,16,2242,1401,769,1872,856,422,378,1248,102,16,0,3295,16,3117,309,704,4529,9201,2218,5042,2319,1872,1452,51,1053,773,151,396,2912,926,3117,1647,4146,1294,104,9363,30,98,16,101,782,17,147,3375,279,172,36,940,3311,28748,19304,153,32,12966,0,0,,
benchmark_cbench-v1_bzip2_7_b31c47,5d20be73124cac28,24223de53746444394b73b36ea25f8f4,2026-07-31T14:41:05.043604+00:00,benchmark://cbench-v1,0.2.5,10.0.0 x86_64-unknown-linux-gnu,Dhanush,3.10.20,benchmark://cbench-v1/bzip2,7,0,53,-instcombine,-instcombine,0,[],IrInstructionCountO3,0.3283223718550997,9.053931350458079,0.0,0.10939891470711006,0.03396050989699298,9.053931350458079,True,False,False,,0.5568296230003398,,,49deb7a721cce9d543a7e756ae05d08d4437e266,28748,122613,3311,153,28748,19304,590e50bb41fc0662f93745c88d2cfa211f75fdfb,25603,118449,3311,154,25603,16417,0,16,2242,1401,769,1872,856,422,378,1248,102,16,0,3295,16,3117,309,704,4529,9201,2218,5042,2319,1872,1452,51,1053,773,151,396,2912,926,3117,1647,4146,1294,104,9363,30,98,16,101,782,17,147,3375,279,172,36,940,3311,28748,19304,153,32,12966,0,174,2242,1401,769,1872,856,422,378,1248,102,174,0,3137,174,3117,313,704,4529,6075,4070,4376,1925,1872,1369,44,1189,632,108,338,2970,904,3117,1516,3454,1294,112,7869,12,100,174,101,741,5,160,2946,102,111,39,735,3311,25603,16417,154,348,11013,-3145,-4164,,
benchmark_cbench-v1_bzip2_7_b31c47,ebe108f14296a10d,24223de53746444394b73b36ea25f8f4,2026-07-31T14:41:05.043604+00:00,benchmark://cbench-v1,0.2.5,10.0.0 x86_64-unknown-linux-gnu,Dhanush,3.10.20,benchmark://cbench-v1/bzip2,7,1,79,-loop-vectorize,-loop-vectorize,1,[53],IrInstructionCountO3,-0.0019835055851341477,-0.0792964058041616,0.0,-0.0007421005350935437,-0.0009455546268858328,8.974634944653918,True,False,False,,0.4832207899999048,,,590e50bb41fc0662f93745c88d2cfa211f75fdfb,25603,118449,3311,154,25603,16417,9611d60b0b36c3d6d52cb33dfc4ab24f4abc5095,25622,118561,3330,154,25622,16417,0,174,2242,1401,769,1872,856,422,378,1248,102,174,0,3137,174,3117,313,704,4529,6075,4070,4376,1925,1872,1369,44,1189,632,108,338,2970,904,3117,1516,3454,1294,112,7869,12,100,174,101,741,5,160,2946,102,111,39,735,3311,25603,16417,154,348,11013,0,174,2250,1409,769,1891,872,435,380,1248,97,174,0,3156,174,3136,313,696,4548,6075,4070,4376,1925,1891,1369,44,1189,632,108,338,2989,904,3136,1516,3454,1294,112,7869,12,100,174,101,741,5,160,2946,102,111,39,735,3330,25622,16417,154,348,11013,19,112,,
benchmark_cbench-v1_bzip2_7_b31c47,3448a7088225a547,24223de53746444394b73b36ea25f8f4,2026-07-31T14:41:05.043604+00:00,benchmark://cbench-v1,0.2.5,10.0.0 x86_64-unknown-linux-gnu,Dhanush,3.10.20,benchmark://cbench-v1/bzip2,7,2,36,-inline,-inline,2,"[53, 79]",IrInstructionCountO3,-0.8676271009499947,-30.21836474705628,0.0,-0.32436968230426977,-0.23562554296944188,-21.243729802402363,True,False,False,,0.595346456999323,,,9611d60b0b36c3d6d52cb33dfc4ab24f4abc5095,25622,118561,3330,154,25622,16417,29f62a74396b36efd48df9ee00e3defe08afc591,33933,146497,3717,105,33933,22014,0,174,2250,1409,769,1891,872,435,380,1248,97,174,0,3156,174,3136,313,696,4548,6075,4070,4376,1925,1891,1369,44,1189,632,108,338,2989,904,3136,1516,3454,1294,112,7869,12,100,174,101,741,5,160,2946,102,111,39,735,3330,25622,16417,154,348,11013,0,190,2511,1611,807,2102,1033,442,556,1443,98,190,0,3527,190,3544,353,737,5134,8184,6113,5360,2589,2102,1846,56,1474,1078,112,546,3169,1942,3544,2505,4485,1495,209,9929,12,188,190,52,847,5,337,4017,293,214,39,740,3717,33933,22014,105,380,14772,8311,27936,,
benchmark_cbench-v1_bzip2_7_b31c47,60800f1be77cdc83,24223de53746444394b73b36ea25f8f4,2026-07-31T14:41:05.043604+00:00,benchmark://cbench-v1,0.2.5,10.0.0 x86_64-unknown-linux-gnu,Dhanush,3.10.20,benchmark://cbench-v1/bzip2,7,3,39,-gvn,-gvn,3,"[53, 79, 36]",IrInstructionCountO3,0.7110345547551936,-3.7653975553926413,0.0,0.20071906403795714,-0.7527730943295767,-25.009127357795006,True,False,False,,0.9658381389999704,,,29f62a74396b36efd48df9ee00e3defe08afc591,33933,146497,3717,105,33933,22014,c2451edb8dcc26484c4b31df279945da814217ab,27122,256776,3544,105,27122,14945,0,190,2511,1611,807,2102,1033,442,556,1443,98,190,0,3527,190,3544,353,737,5134,8184,6113,5360,2589,2102,1846,56,1474,1078,112,546,3169,1942,3544,2505,4485,1495,209,9929,12,188,190,52,847,5,337,4017,293,214,39,740,3717,33933,22014,105,380,14772,191,498,2338,1500,746,1929,1033,382,616,1443,98,563,126,2855,689,3371,351,694,4961,7348,4640,3868,2652,1929,1839,44,1398,1078,105,420,3122,1056,3371,2502,3079,1407,206,4269,11,183,2009,52,693,5,321,4017,272,214,39,542,3544,27122,14945,105,6195,7953,-6811,110279,,
benchmark_cbench-v1_bzip2_7_b31c47,c83b78471a3469d1,24223de53746444394b73b36ea25f8f4,2026-07-31T14:41:05.043604+00:00,benchmark://cbench-v1,0.2.5,10.0.0 x86_64-unknown-linux-gnu,Dhanush,3.10.20,benchmark://cbench-v1/bzip2,7,4,5,-argpromotion,-argpromotion,4,"[53, 79, 36, 39]",IrInstructionCountO3,0.0,0.0,0.0,0.0,0.0,-25.009127357795006,True,True,True,action_no_effect,0.5036472749998211,,,c2451edb8dcc26484c4b31df279945da814217ab,27122,256776,3544,105,27122,14945,c2451edb8dcc26484c4b31df279945da814217ab,27122,256776,3544,105,27122,14945,191,498,2338,1500,746,1929,1033,382,616,1443,98,563,126,2855,689,3371,351,694,4961,7348,4640,3868,2652,1929,1839,44,1398,1078,105,420,3122,1056,3371,2502,3079,1407,206,4269,11,183,2009,52,693,5,321,4017,272,214,39,542,3544,27122,14945,105,6195,7953,191,498,2338,1500,746,1929,1033,382,616,1443,98,563,126,2855,689,3371,351,694,4961,7348,4640,3868,2652,1929,1839,44,1398,1078,105,420,3122,1056,3371,2502,3079,1407,206,4269,11,183,2009,52,693,5,321,4017,272,214,39,542,3544,27122,14945,105,6195,7953,0,0,,
benchmark_cbench-v1_bzip2_8_4b8f2f,d7024be46b3cc772,24223de53746444394b73b36ea25f8f4,2026-07-31T14:41:05.043604+00:00,benchmark://cbench-v1,0.2.5,10.0.0 x86_64-unknown-linux-gnu,Dhanush,3.10.20,benchmark://cbench-v1/bzip2,8,0,21,-correlated-propagation,-correlated-propagation,0,[],IrInstructionCountO3,0.00031318509238960227,0.007826631417837761,0.0,0.00010435508557117017,0.0,0.007826631417837761,True,False,False,,0.4998642529999415,,,49deb7a721cce9d543a7e756ae05d08d4437e266,28748,122613,3311,153,28748,19304,321fbf5ebc3c9d9c718728023eec5517af15700d,28745,122613,3311,153,28745,19304,0,16,2242,1401,769,1872,856,422,378,1248,102,16,0,3295,16,3117,309,704,4529,9201,2218,5042,2319,1872,1452,51,1053,773,151,396,2912,926,3117,1647,4146,1294,104,9363,30,98,16,101,782,17,147,3375,279,172,36,940,3311,28748,19304,153,32,12966,0,16,2242,1401,769,1872,856,422,378,1248,102,16,0,3295,16,3117,309,704,4529,9199,2217,5042,2319,1872,1449,51,1053,773,148,396,2912,926,3117,1647,4146,1294,104,9363,30,98,16,101,782,17,147,3375,279,172,36,940,3311,28745,19304,153,32,12966,-3,0,,
benchmark_cbench-v1_bzip2_8_4b8f2f,a4c25a15194a83a6,24223de53746444394b73b36ea25f8f4,2026-07-31T14:41:05.043604+00:00,benchmark://cbench-v1,0.2.5,10.0.0 x86_64-unknown-linux-gnu,Dhanush,3.10.20,benchmark://cbench-v1/bzip2,8,1,55,-jump-threading,-jump-threading,1,[21],IrInstructionCountO3,0.052823885583046244,1.3208412858024856,0.0,0.017603061401982954,2.446722615057131e-05,1.3286679172203233,True,False,False,,0.46824875499987684,,,321fbf5ebc3c9d9c718728023eec5517af15700d,28745,122613,3311,153,28745,19304,c384d54e6baa66ed1eeba2c7a3d412c3a419bee5,28239,122610,2802,153,28239,19216,0,16,2242,1401,769,1872,856,422,378,1248,102,16,0,3295,16,3117,309,704,4529,9199,2217,5042,2319,1872,1449,51,1053,773,148,396,2912,926,3117,1647,4146,1294,104,9363,30,98,16,101,782,17,147,3375,279,172,36,940,3311,28745,19304,153,32,12966,0,104,1813,1039,704,1379,739,273,422,1244,139,104,0,2698,104,2622,309,815,4007,9226,2222,5060,2318,1379,1449,51,1053,773,148,407,2392,931,2622,1652,4146,1292,104,9269,30,98,104,101,782,17,147,3376,279,172,36,940,2802,28239,19216,153,209,12877,-506,-3,,
benchmark_cbench-v1_bzip2_8_4b8f2f,77a59759ec424c2c,24223de53746444394b73b36ea25f8f4,2026-07-31T14:41:05.043604+00:00,benchmark://cbench-v1,0.2.5,10.0.0 x86_64-unknown-linux-gnu,Dhanush,3.10.20,benchmark://cbench-v1/bzip2,8,2,105,-reassociate,-reassociate,2,"[21, 55]",IrInstructionCountO3,0.00031318509238960227,-0.022209279693976392,0.0,0.00010623605651758207,-0.0012070793573118017,1.306458637526347,True,False,False,,0.44133553200026654,,,c384d54e6baa66ed1eeba2c7a3d412c3a419bee5,28239,122610,2802,153,28239,19216,8d8f98f42688aea6323d7d8e9a3eccd379bdfaf0,28236,122758,2802,153,28236,19216,0,104,1813,1039,704,1379,739,273,422,1244,139,104,0,2698,104,2622,309,815,4007,9226,2222,5060,2318,1379,1449,51,1053,773,148,407,2392,931,2622,1652,4146,1292,104,9269,30,98,104,101,782,17,147,3376,279,172,36,940,2802,28239,19216,153,209,12877,0,104,1813,1039,704,1379,739,273,422,1244,139,104,0,2698,104,2622,309,815,4007,9241,2221,5079,2306,1379,1463,51,1077,773,148,407,2392,931,2622,1652,4146,1292,104,9269,32,98,104,101,782,17,143,3376,271,172,36,923,2802,28236,19216,153,209,12860,-3,148,,
benchmark_cbench-v1_bzip2_8_4b8f2f,1306db1be049f13b,24223de53746444394b73b36ea25f8f4,2026-07-31T14:41:05.043604+00:00,benchmark://cbench-v1,0.2.5,10.0.0 x86_64-unknown-linux-gnu,Dhanush,3.10.20,benchmark://cbench-v1/bzip2,8,3,77,-loop-unroll,-loop-unroll,3,"[21, 55, 105]",IrInstructionCountO3,-0.0045933813550475,-0.1559733994968606,0.0,-0.001558294375973934,-0.0015640528519526222,1.1504852380294863,True,False,False,,0.47240575199975865,,,8d8f98f42688aea6323d7d8e9a3eccd379bdfaf0,28236,122758,2802,153,28236,19216,1f5e4be83a78904e00a8131b88574eb457480d8a,28280,122950,2845,153,28280,19216,0,104,1813,1039,704,1379,739,273,422,1244,139,104,0,2698,104,2622,309,815,4007,9241,2221,5079,2306,1379,1463,51,1077,773,148,407,2392,931,2622,1652,4146,1292,104,9269,32,98,104,101,782,17,143,3376,271,172,36,923,2802,28236,19216,153,209,12860,0,105,1841,1067,704,1422,759,283,429,1244,134,105,0,2740,105,2665,309,787,4050,9241,2221,5079,2306,1422,1463,51,1077,773,148,407,2435,931,2665,1652,4146,1292,104,9269,32,98,105,101,782,17,143,3376,271,172,36,923,2845,28280,19216,153,210,12860,44,192,,
benchmark_cbench-v1_bzip2_8_4b8f2f,afca913b901b833f,24223de53746444394b73b36ea25f8f4,2026-07-31T14:41:05.043604+00:00,benchmark://cbench-v1,0.2.5,10.0.0 x86_64-unknown-linux-gnu,Dhanush,3.10.20,benchmark://cbench-v1/bzip2,8,4,111,-sroa,-sroa,4,"[21, 55, 105, 77]",IrInstructionCountO3,1.0258899676375404,18.69326192844114,0.0,0.3474893917963225,-0.2947376982513217,19.843747166470624,True,False,False,,0.44894534000013664,,,1f5e4be83a78904e00a8131b88574eb457480d8a,28280,122950,2845,153,28280,19216,3632b1f8e4b0e8597a1ab2afc0d3ceba808b0c12,18453,159188,2845,153,18453,9323,0,105,1841,1067,704,1422,759,283,429,1244,134,105,0,2740,105,2665,309,787,4050,9241,2221,5079,2306,1422,1463,51,1077,773,148,407,2435,931,2665,1652,4146,1292,104,9269,32,98,105,101,782,17,143,3376,271,172,36,923,2845,28280,19216,153,210,12860,91,287,1841,1067,704,1422,759,283,429,1244,134,336,42,2467,378,2665,309,787,4050,8361,1269,4991,1335,1422,1466,51,1077,63,148,220,2622,175,2665,832,4080,1292,104,3084,32,98,927,101,782,17,143,1264,271,172,36,923,2845,18453,9323,153,4025,5209,-9827,36238,,
benchmark_cbench-v1_bzip2_8_4b8f2f,76dd598212d0889a,24223de53746444394b73b36ea25f8f4,2026-07-31T14:41:05.043604+00:00,benchmark://cbench-v1,0.2.5,10.0.0 x86_64-unknown-linux-gnu,Dhanush,3.10.20,benchmark://cbench-v1/bzip2,8,5,71,-loop-rotate,-loop-rotate,5,"[21, 55, 105, 77, 111]",IrInstructionCountO3,-0.07641716254306295,-4.34441890729904,0.0,-0.03966834661030727,-0.054771716461039774,15.499328259171584,True,False,False,,0.40773456700026145,,,3632b1f8e4b0e8597a1ab2afc0d3ceba808b0c12,18453,159188,2845,153,18453,9323,ae5f858cc99dfafd21879f1a0427269ccf8a1139,19185,167907,2976,153,19185,9460,91,287,1841,1067,704,1422,759,283,429,1244,134,336,42,2467,378,2665,309,787,4050,8361,1269,4991,1335,1422,1466,51,1077,63,148,220,2622,175,2665,832,4080,1292,104,3084,32,98,927,101,782,17,143,1264,271,172,36,923,2845,18453,9323,153,4025,5209,89,482,1827,1142,623,1386,886,197,635,1411,152,527,44,2405,571,2796,317,1135,4348,8494,1277,5075,1358,1386,1474,55,1080,63,154,235,2738,175,2796,842,4100,1462,104,3189,32,99,1178,101,796,17,145,1266,275,173,36,931,2976,19185,9460,153,4356,5337,732,8719,,
benchmark_cbench-v1_bzip2_9_da51e9,52cda306c3f3f6a8,24223de53746444394b73b36ea25f8f4,2026-07-31T14:41:05.043604+00:00,benchmark://cbench-v1,0.2.5,10.0.0 x86_64-unknown-linux-gnu,Dhanush,3.10.20,benchmark://cbench-v1/bzip2,9,0,47,-indvars,-indvars,0,[],IrInstructionCountO3,-0.0019835055851341477,-0.059355556106534355,0.0,-0.0006609155419507444,-0.00039147561840914097,-0.059355556106534355,True,False,False,,0.49206122899977345,,,49deb7a721cce9d543a7e756ae05d08d4437e266,28748,122613,3311,153,28748,19304,ff33660953dae92eb7a42bde5dfa80c8af1310f9,28767,122661,3330,153,28767,19304,0,16,2242,1401,769,1872,856,422,378,1248,102,16,0,3295,16,3117,309,704,4529,9201,2218,5042,2319,1872,1452,51,1053,773,151,396,2912,926,3117,1647,4146,1294,104,9363,30,98,16,101,782,17,147,3375,279,172,36,940,3311,28748,19304,153,32,12966,0,16,2250,1409,769,1891,872,435,380,1248,97,16,0,3314,16,3136,309,696,4548,9201,2218,5042,2319,1891,1452,51,1053,773,151,396,2931,926,3136,1647,4146,1294,104,9363,30,98,16,101,782,17,147,3375,279,172,36,940,3330,28767,19304,153,32,12966,19,48,,
benchmark_cbench-v1_bzip2_9_da51e9,749133a27dfe6de0,24223de53746444394b73b36ea25f8f4,2026-07-31T14:41:05.043604+00:00,benchmark://cbench-v1,0.2.5,10.0.0 x86_64-unknown-linux-gnu,Dhanush,3.10.20,benchmark://cbench-v1/bzip2,9,1,30,-early-cse,-early-cse,1,[47],IrInstructionCountO3,0.3455475519365278,5.979285665667129,0.0,0.11506239788646713,-0.10601576703271619,5.919930109560595,True,False,False,,0.46792787100002897,,,ff33660953dae92eb7a42bde5dfa80c8af1310f9,28767,122661,3330,153,28767,19304,bd8a58b5121a3f0b3f9660a13cff3e479e2afb4e,25457,135665,3330,153,25457,16705,0,16,2250,1409,769,1891,872,435,380,1248,97,16,0,3314,16,3136,309,696,4548,9201,2218,5042,2319,1891,1452,51,1053,773,151,396,2931,926,3136,1647,4146,1294,104,9363,30,98,16,101,782,17,147,3375,279,172,36,940,3330,28767,19304,153,32,12966,0,16,2250,1409,769,1891,872,435,380,1248,97,16,0,3314,16,3136,308,696,4548,8493,2031,4431,2269,1891,1427,45,1041,773,145,351,2976,487,3136,1645,3674,1294,104,7239,26,98,16,101,704,17,147,3374,262,170,36,793,3330,25457,16705,153,32,10176,-3310,13004,,
benchmark_cbench-v1_bzip2_9_da51e9,5a570d32bd5dca2e,24223de53746444394b73b36ea25f8f4,2026-07-31T14:41:05.043604+00:00,benchmark://cbench-v1,0.2.5,10.0.0 x86_64-unknown-linux-gnu,Dhanush,3.10.20,benchmark://cbench-v1/bzip2,9,2,99,-partial-inliner,-partial-inliner,2,"[47, 30]",IrInstructionCountO3,-0.09103246685457772,-3.275741999185635,0.0,-0.0342538398083042,-0.028268160542512806,2.64418811037496,True,False,False,,0.45175158599977294,,,bd8a58b5121a3f0b3f9660a13cff3e479e2afb4e,25457,135665,3330,153,25457,16705,0e1670e0ad1645b7fa454bbc9a2cb8a206543545,26329,139500,3451,162,26329,17236,0,16,2250,1409,769,1891,872,435,380,1248,97,16,0,3314,16,3136,308,696,4548,8493,2031,4431,2269,1891,1427,45,1041,773,145,351,2976,487,3136,1645,3674,1294,104,7239,26,98,16,101,704,17,147,3374,262,170,36,793,3330,25457,16705,153,32,10176,0,18,2326,1461,784,1967,908,451,399,1284,97,18,0,3433,18,3248,334,705,4696,8584,2278,4466,2354,1967,1427,45,1041,845,145,360,3088,652,3248,1900,3698,1335,104,7326,26,98,18,105,706,17,147,3467,262,175,36,798,3451,26329,17236,162,36,10512,872,3835,,
benchmark_cbench-v1_bzip2_9_da51e9,fdde41d33be6ca08,24223de53746444394b73b36ea25f8f4,2026-07-31T14:41:05.043604+00:00,benchmark://cbench-v1,0.2.5,10.0.0 x86_64-unknown-linux-gnu,Dhanush,3.10.20,benchmark://cbench-v1/bzip2,9,3,55,-jump-threading,-jump-threading,3,"[47, 30, 99]",IrInstructionCountO3,0.05908758743083829,1.7531508451574516,0.0,0.021497208401382507,0.005634408602150537,4.397338955532412,True,False,False,,0.4811437649996151,,,0e1670e0ad1645b7fa454bbc9a2cb8a206543545,26329,139500,3451,162,26329,17236,d0ba8324cb5f807dee9123b1b02d830da8bacfe4,25763,138714,2880,162,25763,17151,0,18,2326,1461,784,1967,908,451,399,1284,97,18,0,3433,18,3248,334,705,4696,8584,2278,4466,2354,1967,1427,45,1041,845,145,360,3088,652,3248,1900,3698,1335,104,7326,26,98,18,105,706,17,147,3467,262,175,36,798,3451,26329,17236,162,36,10512,0,110,1853,1069,718,1420,772,282,449,1280,135,110,0,2770,110,2699,334,835,4108,8603,2283,4480,2349,1420,1427,45,1041,845,145,372,2505,652,2699,1905,3698,1333,104,7235,26,98,110,105,706,17,147,3468,262,175,36,798,2880,25763,17151,162,220,10421,-566,-786,,
benchmark_cbench-v1_bzip2_9_da51e9,e018512450afa6d9,24223de53746444394b73b36ea25f8f4,2026-07-31T14:41:05.043604+00:00,benchmark://cbench-v1,0.2.5,10.0.0 x86_64-unknown-linux-gnu,Dhanush,3.10.20,benchmark://cbench-v1/bzip2,9,4,40,-globaldce,-globaldce,4,"[47, 30, 99, 55]",IrInstructionCountO3,0.013153773880363295,0.5095448459787005,0.0,0.0048907347746768625,0.005709589515117436,4.906883801511112,True,False,False,,0.4318259550000221,,,d0ba8324cb5f807dee9123b1b02d830da8bacfe4,25763,138714,2880,162,25763,17151,bdeb6d002832c18caece7f1e2a5f2d73b5c2d12f,25637,137922,2859,155,25637,17063,0,110,1853,1069,718,1420,772,282,449,1280,135,110,0,2770,110,2699,334,835,4108,8603,2283,4480,2349,1420,1427,45,1041,845,145,372,2505,652,2699,1905,3698,1333,104,7235,26,98,110,105,706,17,147,3468,262,175,36,798,2880,25763,17151,162,220,10421,0,110,1841,1067,718,1418,770,282,449,1273,135,110,0,2749,110,2690,327,833,4092,8576,2266,4472,2330,1418,1427,45,1041,830,145,370,2486,646,2690,1873,3694,1325,104,7215,26,98,110,98,705,17,147,3451,262,174,36,797,2859,25637,17063,155,220,10377,-126,-792,,
benchmark_cbench-v1_bzip2_9_da51e9,765a82180f573f63,24223de53746444394b73b36ea25f8f4,2026-07-31T14:41:05.043604+00:00,benchmark://cbench-v1,0.2.5,10.0.0 x86_64-unknown-linux-gnu,Dhanush,3.10.20,benchmark://cbench-v1/bzip2,9,5,30,-early-cse,-early-cse,5,"[47, 30, 99, 55, 40]",IrInstructionCountO3,0.013049378849566761,0.2177727240541361,0.0,0.0048757654951827436,-0.005916387523382782,5.124656525565248,True,False,False,,0.49878578999960155,,,bdeb6d002832c18caece7f1e2a5f2d73b5c2d12f,25637,137922,2859,155,25637,17063,a7a7ca019a4be06436c7fdac2496bce2a9c4ab4e,25512,138738,2859,155,25512,17048,0,110,1841,1067,718,1418,770,282,449,1273,135,110,0,2749,110,2690,327,833,4092,8576,2266,4472,2330,1418,1427,45,1041,830,145,370,2486,646,2690,1873,3694,1325,104,7215,26,98,110,98,705,17,147,3451,262,174,36,797,2859,25637,17063,155,220,10377,0,102,1841,1067,718,1418,770,282,449,1273,135,102,0,2757,102,2690,327,833,4092,8576,2266,4472,2330,1418,1427,45,1041,830,145,368,2488,548,2690,1873,3692,1324,104,7202,26,98,102,98,702,17,147,3451,262,174,36,797,2859,25512,17048,155,207,10263,-125,816,,
benchmark_cbench-v1_bzip2_9_da51e9,eef58d2c1a50c818,24223de53746444394b73b36ea25f8f4,2026-07-31T14:41:05.043604+00:00,benchmark://cbench-v1,0.2.5,10.0.0 x86_64-unknown-linux-gnu,Dhanush,3.10.20,benchmark://cbench-v1/bzip2,9,6,62,-loop-distribute,-loop-distribute,6,"[47, 30, 99, 55, 40, 30]",IrInstructionCountO3,0.0,0.0,0.0,0.0,0.0,5.124656525565248,True,True,True,action_no_effect,0.4444678650006608,,,a7a7ca019a4be06436c7fdac2496bce2a9c4ab4e,25512,138738,2859,155,25512,17048,a7a7ca019a4be06436c7fdac2496bce2a9c4ab4e,25512,138738,2859,155,25512,17048,0,102,1841,1067,718,1418,770,282,449,1273,135,102,0,2757,102,2690,327,833,4092,8576,2266,4472,2330,1418,1427,45,1041,830,145,368,2488,548,2690,1873,3692,1324,104,7202,26,98,102,98,702,17,147,3451,262,174,36,797,2859,25512,17048,155,207,10263,0,102,1841,1067,718,1418,770,282,449,1273,135,102,0,2757,102,2690,327,833,4092,8576,2266,4472,2330,1418,1427,45,1041,830,145,368,2488,548,2690,1873,3692,1324,104,7202,26,98,102,98,702,17,147,3451,262,174,36,797,2859,25512,17048,155,207,10263,0,0,,
benchmark_cbench-v1_crc32_0_ee1f61,181a57dc3fb56b89,24223de53746444394b73b36ea25f8f4,2026-07-31T14:41:05.043604+00:00,benchmark://cbench-v1,0.2.5,10.0.0 x86_64-unknown-linux-gnu,Dhanush,3.10.20,benchmark://cbench-v1/crc32,0,0,90,-memcpyopt,-memcpyopt,0,[],IrInstructionCountO3,0.0,0.0,0.0,0.0,0.0,0.0,True,True,True,action_no_effect,0.29728078700009064,,,e5efa705b8c39ee74b1bfe5dded14e1533f611c4,242,1183,29,15,242,157,e5efa705b8c39ee74b1bfe5dded14e1533f611c4,242,1183,29,15,242,157,0,0,16,12,2,16,8,2,4,8,0,0,0,29,0,24,9,2,32,44,41,14,36,16,13,0,5,26,3,5,24,20,24,33,5,10,3,51,0,1,0,5,0,0,0,42,0,1,8,5,29,242,157,15,0,103,0,0,16,12,2,16,8,2,4,8,0,0,0,29,0,24,9,2,32,44,41,14,36,16,13,0,5,26,3,5,24,20,24,33,5,10,3,51,0,1,0,5,0,0,0,42,0,1,8,5,29,242,157,15,0,103,0,0,,
benchmark_cbench-v1_crc32_1_4ec1cd,219d7e058a511d21,24223de53746444394b73b36ea25f8f4,2026-07-31T14:41:05.043604+00:00,benchmark://cbench-v1,0.2.5,10.0.0 x86_64-unknown-linux-gnu,Dhanush,3.10.20,benchmark://cbench-v1/crc32,1,0,102,-functionattrs,-functionattrs,0,[],IrInstructionCountO3,0.0,0.0,0.0,0.0,0.0,0.0,True,False,True,no_ir_change,0.27123472199946264,,,e5efa705b8c39ee74b1bfe5dded14e1533f611c4,242,1183,29,15,242,157,e261bbb2210690e284b59688c7ea465f1e4eeceb,242,1183,29,15,242,157,0,0,16,12,2,16,8,2,4,8,0,0,0,29,0,24,9,2,32,44,41,14,36,16,13,0,5,26,3,5,24,20,24,33,5,10,3,51,0,1,0,5,0,0,0,42,0,1,8,5,29,242,157,15,0,103,0,0,16,12,2,16,8,2,4,8,0,0,0,29,0,24,9,2,32,44,41,14,36,16,13,0,5,26,3,5,24,20,24,33,5,10,3,51,0,1,0,5,0,0,0,42,0,1,8,5,29,242,157,15,0,103,0,0,,
benchmark_cbench-v1_crc32_2_668ac1,6f03350a7c90b17c,24223de53746444394b73b36ea25f8f4,2026-07-31T14:41:05.043604+00:00,benchmark://cbench-v1,0.2.5,10.0.0 x86_64-unknown-linux-gnu,Dhanush,3.10.20,benchmark://cbench-v1/crc32,2,0,40,-globaldce,-globaldce,0,[],IrInstructionCountO3,0.0,0.0,0.0,0.0,0.0,0.0,True,True,True,action_no_effect,0.2605167209994761,,,e5efa705b8c39ee74b1bfe5dded14e1533f611c4,242,1183,29,15,242,157,e5efa705b8c39ee74b1bfe5dded14e1533f611c4,242,1183,29,15,242,157,0,0,16,12,2,16,8,2,4,8,0,0,0,29,0,24,9,2,32,44,41,14,36,16,13,0,5,26,3,5,24,20,24,33,5,10,3,51,0,1,0,5,0,0,0,42,0,1,8,5,29,242,157,15,0,103,0,0,16,12,2,16,8,2,4,8,0,0,0,29,0,24,9,2,32,44,41,14,36,16,13,0,5,26,3,5,24,20,24,33,5,10,3,51,0,1,0,5,0,0,0,42,0,1,8,5,29,242,157,15,0,103,0,0,,
benchmark_cbench-v1_crc32_3_f36c06,8926ca8b619e6583,24223de53746444394b73b36ea25f8f4,2026-07-31T14:41:05.043604+00:00,benchmark://cbench-v1,0.2.5,10.0.0 x86_64-unknown-linux-gnu,Dhanush,3.10.20,benchmark://cbench-v1/crc32,3,0,39,-gvn,-gvn,0,[],IrInstructionCountO3,0.5512820512820513,6.0567928574921535,0.0,0.17768595041322313,-0.2907861369399831,6.0567928574921535,True,False,False,,0.26286471000003075,,,e5efa705b8c39ee74b1bfe5dded14e1533f611c4,242,1183,29,15,242,157,87a9403fe626ffec2aed7b0807b15c4a78740c2c,199,1527,27,15,199,117,0,0,16,12,2,16,8,2,4,8,0,0,0,29,0,24,9,2,32,44,41,14,36,16,13,0,5,26,3,5,24,20,24,33,5,10,3,51,0,1,0,5,0,0,0,42,0,1,8,5,29,242,157,15,0,103,2,4,14,10,2,14,8,2,4,8,0,6,0,21,6,22,9,2,30,49,43,18,36,14,12,0,4,26,3,3,24,10,22,33,5,10,3,11,0,1,10,5,0,0,0,42,0,1,8,5,27,199,117,15,20,53,-43,344,,
benchmark_cbench-v1_crc32_3_f36c06,d7f3ff463b433379,24223de53746444394b73b36ea25f8f4,2026-07-31T14:41:05.043604+00:00,benchmark://cbench-v1,0.2.5,10.0.0 x86_64-unknown-linux-gnu,Dhanush,3.10.20,benchmark://cbench-v1/crc32,3,1,122,-tailcallelim,-tailcallelim,1,[39],IrInstructionCountO3,0.0,0.0,0.0,0.0,0.0,6.0567928574921535,True,False,True,no_ir_change,0.26215055499960727,,,87a9403fe626ffec2aed7b0807b15c4a78740c2c,199,1527,27,15,199,117,3d58d20481418030948d0264c795cd0fdeb81230,199,1527,27,15,199,117,2,4,14,10,2,14,8,2,4,8,0,6,0,21,6,22,9,2,30,49,43,18,36,14,12,0,4,26,3,3,24,10,22,33,5,10,3,11,0,1,10,5,0,0,0,42,0,1,8,5,27,199,117,15,20,53,2,4,14,10,2,14,8,2,4,8,0,6,0,21,6,22,9,2,30,49,43,18,36,14,12,0,4,26,3,3,24,10,22,33,5,10,3,11,0,1,10,5,0,0,0,42,0,1,8,5,27,199,117,15,20,53,0,0,,
benchmark_cbench-v1_crc32_4_50bad2,6e87ffebbe19f8d9,24223de53746444394b73b36ea25f8f4,2026-07-31T14:41:05.043604+00:00,benchmark://cbench-v1,0.2.5,10.0.0 x86_64-unknown-linux-gnu,Dhanush,3.10.20,benchmark://cbench-v1/crc32,4,0,79,-loop-vectorize,-loop-vectorize,0,[],IrInstructionCountO3,0.0,0.0,0.0,0.0,0.0,0.0,True,True,True,action_no_effect,0.2733350270000301,,,e5efa705b8c39ee74b1bfe5dded14e1533f611c4,242,1183,29,15,242,157,e5efa705b8c39ee74b1bfe5dded14e1533f611c4,242,1183,29,15,242,157,0,0,16,12,2,16,8,2,4,8,0,0,0,29,0,24,9,2,32,44,41,14,36,16,13,0,5,26,3,5,24,20,24,33,5,10,3,51,0,1,0,5,0,0,0,42,0,1,8,5,29,242,157,15,0,103,0,0,16,12,2,16,8,2,4,8,0,0,0,29,0,24,9,2,32,44,41,14,36,16,13,0,5,26,3,5,24,20,24,33,5,10,3,51,0,1,0,5,0,0,0,42,0,1,8,5,29,242,157,15,0,103,0,0,,
benchmark_cbench-v1_crc32_5_4383e1,527109ecb0a67162,24223de53746444394b73b36ea25f8f4,2026-07-31T14:41:05.043604+00:00,benchmark://cbench-v1,0.2.5,10.0.0 x86_64-unknown-linux-gnu,Dhanush,3.10.20,benchmark://cbench-v1/crc32,5,0,105,-reassociate,-reassociate,0,[],IrInstructionCountO3,0.0,0.0,0.0,0.0,0.0,0.0,True,False,True,no_ir_change,0.2658064840006773,,,e5efa705b8c39ee74b1bfe5dded14e1533f611c4,242,1183,29,15,242,157,a32e9b074f76dc95ff808db80a252f720ebcfff7,242,1183,29,15,242,157,0,0,16,12,2,16,8,2,4,8,0,0,0,29,0,24,9,2,32,44,41,14,36,16,13,0,5,26,3,5,24,20,24,33,5,10,3,51,0,1,0,5,0,0,0,42,0,1,8,5,29,242,157,15,0,103,0,0,16,12,2,16,8,2,4,8,0,0,0,29,0,24,9,2,32,44,41,14,36,16,13,0,5,26,3,5,24,20,24,33,5,10,3,51,0,1,0,5,0,0,0,42,0,1,8,5,29,242,157,15,0,103,0,0,,
benchmark_cbench-v1_crc32_6_1ec7f7,2ba648b803ba4f6e,24223de53746444394b73b36ea25f8f4,2026-07-31T14:41:05.043604+00:00,benchmark://cbench-v1,0.2.5,10.0.0 x86_64-unknown-linux-gnu,Dhanush,3.10.20,benchmark://cbench-v1/crc32,6,0,111,-sroa,-sroa,0,[],IrInstructionCountO3,1.5128205128205128,35.99966467099334,0.0,0.48760330578512395,-0.02282333051563821,35.99966467099334,True,False,False,,0.2957328550000966,,,e5efa705b8c39ee74b1bfe5dded14e1533f611c4,242,1183,29,15,242,157,52ea5e58e52eff6d65534526ed61068e67f80710,124,1210,29,15,124,43,0,0,16,12,2,16,8,2,4,8,0,0,0,29,0,24,9,2,32,44,41,14,36,16,13,0,5,26,3,5,24,20,24,33,5,10,3,51,0,1,0,5,0,0,0,42,0,1,8,5,29,242,157,15,0,103,2,4,16,12,2,16,8,2,4,8,0,6,0,23,6,24,9,2,32,16,27,13,9,16,13,0,5,3,3,0,29,6,24,19,5,10,3,12,0,1,10,5,0,0,0,4,0,1,8,5,29,124,43,15,20,27,-118,27,,
benchmark_cbench-v1_crc32_6_1ec7f7,bb266f9578f68be0,24223de53746444394b73b36ea25f8f4,2026-07-31T14:41:05.043604+00:00,benchmark://cbench-v1,0.2.5,10.0.0 x86_64-unknown-linux-gnu,Dhanush,3.10.20,benchmark://cbench-v1/crc32,6,1,23,-deadargelim,-deadargelim,1,[111],IrInstructionCountO3,0.0,0.0,0.0,0.0,0.0,35.99966467099334,True,True,True,action_no_effect,0.29274196100050176,,,52ea5e58e52eff6d65534526ed61068e67f80710,124,1210,29,15,124,43,52ea5e58e52eff6d65534526ed61068e67f80710,124,1210,29,15,124,43,2,4,16,12,2,16,8,2,4,8,0,6,0,23,6,24,9,2,32,16,27,13,9,16,13,0,5,3,3,0,29,6,24,19,5,10,3,12,0,1,10,5,0,0,0,4,0,1,8,5,29,124,43,15,20,27,2,4,16,12,2,16,8,2,4,8,0,6,0,23,6,24,9,2,32,16,27,13,9,16,13,0,5,3,3,0,29,6,24,19,5,10,3,12,0,1,10,5,0,0,0,4,0,1,8,5,29,124,43,15,20,27,0,0,,
benchmark_cbench-v1_crc32_7_76fc13,2352e8fdbd0c91bf,24223de53746444394b73b36ea25f8f4,2026-07-31T14:41:05.043604+00:00,benchmark://cbench-v1,0.2.5,10.0.0 x86_64-unknown-linux-gnu,Dhanush,3.10.20,benchmark://cbench-v1/crc32,7,0,102,-functionattrs,-functionattrs,0,[],IrInstructionCountO3,0.0,0.0,0.0,0.0,0.0,0.0,True,False,True,no_ir_change,0.2829598640000768,,,e5efa705b8c39ee74b1bfe5dded14e1533f611c4,242,1183,29,15,242,157,e261bbb2210690e284b59688c7ea465f1e4eeceb,242,1183,29,15,242,157,0,0,16,12,2,16,8,2,4,8,0,0,0,29,0,24,9,2,32,44,41,14,36,16,13,0,5,26,3,5,24,20,24,33,5,10,3,51,0,1,0,5,0,0,0,42,0,1,8,5,29,242,157,15,0,103,0,0,16,12,2,16,8,2,4,8,0,0,0,29,0,24,9,2,32,44,41,14,36,16,13,0,5,26,3,5,24,20,24,33,5,10,3,51,0,1,0,5,0,0,0,42,0,1,8,5,29,242,157,15,0,103,0,0,,
benchmark_cbench-v1_crc32_8_e03e5a,40ae7c35f5d1349e,24223de53746444394b73b36ea25f8f4,2026-07-31T14:41:05.043604+00:00,benchmark://cbench-v1,0.2.5,10.0.0 x86_64-unknown-linux-gnu,Dhanush,3.10.20,benchmark://cbench-v1/crc32,8,0,57,-licm,-licm,0,[],IrInstructionCountO3,-0.1282051282051282,-11.74245335084496,0.0,-0.04132231404958678,-0.34573119188503804,-11.74245335084496,True,False,False,,0.25714120600059687,,,e5efa705b8c39ee74b1bfe5dded14e1533f611c4,242,1183,29,15,242,157,686116d8ea83a3bd3b4aa9cfb1eb60b8222d5a96,252,1592,29,15,252,149,0,0,16,12,2,16,8,2,4,8,0,0,0,29,0,24,9,2,32,44,41,14,36,16,13,0,5,26,3,5,24,20,24,33,5,10,3,51,0,1,0,5,0,0,0,42,0,1,8,5,29,242,157,15,0,103,2,7,16,12,2,16,8,2,4,8,0,9,0,20,9,24,9,2,32,44,41,14,36,16,13,0,5,26,3,5,24,20,24,33,5,10,3,43,0,1,18,5,0,0,0,42,0,1,8,5,29,252,149,15,27,95,10,409,,
benchmark_cbench-v1_crc32_8_e03e5a,64eff1a370f737e1,24223de53746444394b73b36ea25f8f4,2026-07-31T14:41:05.043604+00:00,benchmark://cbench-v1,0.2.5,10.0.0 x86_64-unknown-linux-gnu,Dhanush,3.10.20,benchmark://cbench-v1/crc32,8,1,30,-early-cse,-early-cse,1,[57],IrInstructionCountO3,0.38461538461538464,8.70872218234027,0.0,0.11904761904761904,-0.008793969849246231,-3.033731168504689,True,False,False,,0.26435419200061006,,,686116d8ea83a3bd3b4aa9cfb1eb60b8222d5a96,252,1592,29,15,252,149,2192d88e9ae67463adaec8a08f90e1747e5b3178,222,1606,29,15,222,140,2,7,16,12,2,16,8,2,4,8,0,9,0,20,9,24,9,2,32,44,41,14,36,16,13,0,5,26,3,5,24,20,24,33,5,10,3,43,0,1,18,5,0,0,0,42,0,1,8,5,29,252,149,15,27,95,2,2,16,12,2,16,8,2,4,8,0,4,0,25,4,24,9,2,32,45,42,16,35,16,12,0,4,26,3,3,26,10,24,33,5,10,3,34,0,1,8,5,0,0,0,42,0,1,8,5,29,222,140,15,16,76,-30,14,,
benchmark_cbench-v1_crc32_8_e03e5a,bc7223986e5f2272,24223de53746444394b73b36ea25f8f4,2026-07-31T14:41:05.043604+00:00,benchmark://cbench-v1,0.2.5,10.0.0 x86_64-unknown-linux-gnu,Dhanush,3.10.20,benchmark://cbench-v1/crc32,8,2,62,-loop-distribute,-loop-distribute,2,"[57, 30]",IrInstructionCountO3,0.0,0.0,0.0,0.0,0.0,-3.033731168504689,True,True,True,action_no_effect,0.2770793820000108,,,2192d88e9ae67463adaec8a08f90e1747e5b3178,222,1606,29,15,222,140,2192d88e9ae67463adaec8a08f90e1747e5b3178,222,1606,29,15,222,140,2,2,16,12,2,16,8,2,4,8,0,4,0,25,4,24,9,2,32,45,42,16,35,16,12,0,4,26,3,3,26,10,24,33,5,10,3,34,0,1,8,5,0,0,0,42,0,1,8,5,29,222,140,15,16,76,2,2,16,12,2,16,8,2,4,8,0,4,0,25,4,24,9,2,32,45,42,16,35,16,12,0,4,26,3,3,26,10,24,33,5,10,3,34,0,1,8,5,0,0,0,42,0,1,8,5,29,222,140,15,16,76,0,0,,
benchmark_cbench-v1_crc32_9_396f8c,7feea1b2df05b947,24223de53746444394b73b36ea25f8f4,2026-07-31T14:41:05.043604+00:00,benchmark://cbench-v1,0.2.5,10.0.0 x86_64-unknown-linux-gnu,Dhanush,3.10.20,benchmark://cbench-v1/crc32,9,0,61,-loop-deletion,-loop-deletion,0,[],IrInstructionCountO3,0.0,0.0,0.0,0.0,0.0,0.0,True,True,True,action_no_effect,0.2745286600002146,,,e5efa705b8c39ee74b1bfe5dded14e1533f611c4,242,1183,29,15,242,157,e5efa705b8c39ee74b1bfe5dded14e1533f611c4,242,1183,29,15,242,157,0,0,16,12,2,16,8,2,4,8,0,0,0,29,0,24,9,2,32,44,41,14,36,16,13,0,5,26,3,5,24,20,24,33,5,10,3,51,0,1,0,5,0,0,0,42,0,1,8,5,29,242,157,15,0,103,0,0,16,12,2,16,8,2,4,8,0,0,0,29,0,24,9,2,32,44,41,14,36,16,13,0,5,26,3,5,24,20,24,33,5,10,3,51,0,1,0,5,0,0,0,42,0,1,8,5,29,242,157,15,0,103,0,0,,
